source,url,published,title,headline_vader,finbert_neg,finbert_neu,finbert_pos,finbert_score,lang,match_metals,match_adjacent_industries
Mining,https://www.ft.com/content/2aca3f8b-6cd7-4386-8c23-3aaf4f4eea15,2025-10-30T00:50:56+00:00,EU to probe sale of Anglo’s nickel business to China-backed MMG,0.0,0.014269272796809673,0.9346200823783875,0.05111056566238403,0.03684129286557436,en,True,False
Mining,https://www.ft.com/content/a174f908-5157-43ca-ac80-bd3678b87ce3,2025-10-29T16:46:22+00:00,Copper hits record high on supply fears,-0.4215,0.015654422342777252,0.933772623538971,0.05057297646999359,0.03491855412721634,en,True,False
Unknown,https://www.illawarramercury.com.au/story/9099109/rod-henderson-tomago-aluminium-powering-nsws-energy-future/,20251028T190000Z,Rod Henderson | Tomago Aluminium : powering NSW energy future | Illawarra Mercury,0.2732,0.01000168826431036,0.6968321204185486,0.2931661605834961,0.28316447231918573,en,True,True
Unknown,https://www.hepburnadvocate.com.au/story/9099109/rod-henderson-tomago-aluminium-powering-nsws-energy-future/,20251028T190000Z,Rod Henderson | Tomago Aluminium : powering NSW energy future | The Advocate - Hepburn,0.2732,0.01000168826431036,0.6968321204185486,0.2931661605834961,0.28316447231918573,en,True,True
Unknown,https://www.cootamundraherald.com.au/story/9099109/rod-henderson-tomago-aluminium-powering-nsws-energy-future/,20251028T190000Z,Rod Henderson | Tomago Aluminium : powering NSW energy future | Cootamundra Herald,0.2732,0.01000168826431036,0.6968321204185486,0.2931661605834961,0.28316447231918573,en,True,True
Unknown,https://www.queanbeyanage.com.au/story/9099109/rod-henderson-tomago-aluminium-powering-nsws-energy-future/,20251028T191500Z,Rod Henderson | Tomago Aluminium : powering NSW energy future | The Queanbeyan Age,0.2732,0.01000168826431036,0.6968321204185486,0.2931661605834961,0.28316447231918573,en,True,True
Unknown,https://www.bunburymail.com.au/story/9099109/rod-henderson-tomago-aluminium-powering-nsws-energy-future/,20251028T204500Z,Rod Henderson | Tomago Aluminium : powering NSW energy future | Bunbury Mail,0.2732,0.009943137876689434,0.7337979674339294,0.25625887513160706,0.24631573725491762,en,True,True
Unknown,https://www.gloucesteradvocate.com.au/story/9099109/rod-henderson-tomago-aluminium-powering-nsws-energy-future/,20251028T203000Z,Rod Henderson | Tomago Aluminium : powering NSW energy future | Gloucester Advocate,0.2732,0.01000168826431036,0.6968321204185486,0.2931661605834961,0.28316447231918573,en,True,True
Unknown,https://www.moreechampion.com.au/story/9099109/rod-henderson-tomago-aluminium-powering-nsws-energy-future/,20251028T214500Z,Rod Henderson | Tomago Aluminium : powering NSW energy future | Moree Champion,0.7184,0.01000168826431036,0.6968321204185486,0.2931661605834961,0.28316447231918573,en,True,True
Unknown,https://www.oberonreview.com.au/story/9099109/rod-henderson-tomago-aluminium-powering-nsws-energy-future/,20251028T214500Z,Rod Henderson | Tomago Aluminium : powering NSW energy future | Oberon Review,0.2732,0.01000168826431036,0.6968321204185486,0.2931661605834961,0.28316447231918573,en,True,True
Unknown,https://www.greatlakesadvocate.com.au/story/9099109/rod-henderson-tomago-aluminium-powering-nsws-energy-future/,20251028T223000Z,Rod Henderson | Tomago Aluminium : powering NSW energy future | Great Lakes Advocate,0.7351,0.01000168826431036,0.6968321204185486,0.2931661605834961,0.28316447231918573,en,True,True
Unknown,https://www.narrominenewsonline.com.au/story/9099109/rod-henderson-tomago-aluminium-powering-nsws-energy-future/,20251028T223000Z,Rod Henderson | Tomago Aluminium : powering NSW energy future | Narromine News,0.2732,0.01000168826431036,0.6968321204185486,0.2931661605834961,0.28316447231918573,en,True,True
Unknown,https://www.nynganobserver.com.au/story/9099109/rod-henderson-tomago-aluminium-powering-nsws-energy-future/,20251028T223000Z,Rod Henderson | Tomago Aluminium : powering NSW energy future | Nyngan Observer,0.2732,0.01000168826431036,0.6968321204185486,0.2931661605834961,0.28316447231918573,en,True,True
Unknown,https://www.singletonargus.com.au/story/9099109/rod-henderson-tomago-aluminium-powering-nsws-energy-future/,20251029T041500Z,Rod Henderson | Tomago Aluminium : powering NSW energy future | The Singleton Argus,0.2732,0.01000168826431036,0.6968321204185486,0.2931661605834961,0.28316447231918573,en,True,True
Unknown,https://www.camdencourier.com.au/story/9099109/rod-henderson-tomago-aluminium-powering-nsws-energy-future/,20251029T034500Z,Rod Henderson | Tomago Aluminium : powering NSW energy future | Camden Haven Courier,0.2732,0.01000168826431036,0.6968321204185486,0.2931661605834961,0.28316447231918573,en,True,True
Unknown,https://www.cessnockadvertiser.com.au/story/9099109/rod-henderson-tomago-aluminium-powering-nsws-energy-future/,20251029T034500Z,Rod Henderson | Tomago Aluminium : powering NSW energy future | The Advertiser - Cessnock,0.2732,0.01000168826431036,0.6968321204185486,0.2931661605834961,0.28316447231918573,en,True,True
Unknown,https://www.begadistrictnews.com.au/story/9099109/rod-henderson-tomago-aluminium-powering-nsws-energy-future/,20251028T190000Z,Rod Henderson | Tomago Aluminium : powering NSW energy future | Bega District News,0.2732,0.01000168826431036,0.6968321204185486,0.2931661605834961,0.28316447231918573,en,True,True
Unknown,https://www.southernhighlandnews.com.au/story/9099109/rod-henderson-tomago-aluminium-powering-nsws-energy-future/,20251028T190000Z,Rod Henderson | Tomago Aluminium : powering NSW energy future | Southern Highland News,0.2732,0.01000168826431036,0.6968321204185486,0.2931661605834961,0.28316447231918573,en,True,True
Unknown,https://www.portnews.com.au/story/9099109/rod-henderson-tomago-aluminium-powering-nsws-energy-future/,20251028T184500Z,Rod Henderson | Tomago Aluminium : powering NSW energy future | Port Macquarie News,0.2732,0.01000168826431036,0.6968321204185486,0.2931661605834961,0.28316447231918573,en,True,True
Unknown,https://www.batemansbaypost.com.au/story/9099109/rod-henderson-tomago-aluminium-powering-nsws-energy-future/,20251028T190000Z,Rod Henderson | Tomago Aluminium : powering NSW energy future | Bay Post - Moruya Examiner,0.2732,0.01000168826431036,0.6968321204185486,0.2931661605834961,0.28316447231918573,en,True,True
Unknown,https://www.theleader.com.au/story/9099109/rod-henderson-tomago-aluminium-powering-nsws-energy-future/,20251028T190000Z,Rod Henderson | Tomago Aluminium : powering NSW energy future | St George & Sutherland Shire Leader,0.2732,0.01000168826431036,0.6968321204185486,0.2931661605834961,0.28316447231918573,en,True,True
Unknown,https://www.bordermail.com.au/story/9099109/rod-henderson-tomago-aluminium-powering-nsws-energy-future/,20251028T190000Z,Rod Henderson | Tomago Aluminium : powering NSW energy future | The Border Mail,0.2732,0.01000168826431036,0.6968321204185486,0.2931661605834961,0.28316447231918573,en,True,True
Unknown,https://www.manningrivertimes.com.au/story/9099109/rod-henderson-tomago-aluminium-powering-nsws-energy-future/,20251028T200000Z,Rod Henderson | Tomago Aluminium : powering NSW energy future | Manning River Times,0.2732,0.01000168826431036,0.6968321204185486,0.2931661605834961,0.28316447231918573,en,True,True
Unknown,https://www.bluemountainsgazette.com.au/story/9099109/rod-henderson-tomago-aluminium-powering-nsws-energy-future/,20251028T200000Z,Rod Henderson | Tomago Aluminium : powering NSW energy future | Blue Mountains Gazette,0.2732,0.009909828193485737,0.7027298808097839,0.2873603403568268,0.27745051216334105,en,True,True
Unknown,https://www.goulburnpost.com.au/story/9099109/rod-henderson-tomago-aluminium-powering-nsws-energy-future/,20251028T204500Z,Rod Henderson | Tomago Aluminium : powering NSW energy future | Goulburn Post,0.2732,0.01000168826431036,0.6968321204185486,0.2931661605834961,0.28316447231918573,en,True,True
Unknown,https://www.northerndailyleader.com.au/story/9099109/rod-henderson-tomago-aluminium-powering-nsws-energy-future/,20251028T211500Z,Rod Henderson | Tomago Aluminium : powering NSW energy future | The Northern Daily Leader,0.2732,0.01000168826431036,0.6968321204185486,0.2931661605834961,0.28316447231918573,en,True,True
Unknown,https://www.mudgeeguardian.com.au/story/9099109/rod-henderson-tomago-aluminium-powering-nsws-energy-future/,20251028T194500Z,Rod Henderson | Tomago Aluminium : powering NSW energy future | Mudgee Guardian,0.2732,0.01000168826431036,0.6968321204185486,0.2931661605834961,0.28316447231918573,en,True,True
Unknown,https://cleantechnica.com/2025/10/27/rio-tinto-goes-its-own-way-with-renewable-energy/,20251028T060000Z,Rio Tinto Goes Its Own Way With Renewable Energy,0.2732,0.015428448095917702,0.7587170004844666,0.22585457563400269,0.21042612753808498,en,True,True
Unknown,https://www.watoday.com.au/business/the-economy/not-commercially-viable-aluminium-giant-faces-potential-closure-20251028-p5n5ra.html,20251028T024500Z,Tomago Aluminium : Australia largest smelter consults workers over potential closure,0.0,0.8946205377578735,0.06848175823688507,0.03689780831336975,-0.8577227294445038,en,True,True
Unknown,https://www.miningmx.com/news/ferrous-metals/62928-glencore-merafe-registers-51-slump-in-ferrochrome-output/,20251029T091500Z,Glencore - Merafe registers 51 % slump in ferrochrome output,0.0,0.9733874201774597,0.01935572363436222,0.007256823591887951,-0.9661305965855718,en,True,True
Unknown,https://www.marketscreener.com/news/australia-s-largest-aluminum-smelter-considers-closure-as-high-energy-prices-bite-ce7d5ddfde8ff624,20251028T061500Z,Australia Largest Aluminum Smelter Considers Closure as High Energy Prices Bite,0.2732,0.04623046889901161,0.8197739124298096,0.1339956372976303,0.0877651683986187,en,True,True
Unknown,https://www.perthnow.com.au/news/business/federal-government-talking-with-tomago-smelter-owners-after-closure-warning-c-20494439,20251028T024500Z,Federal government talking with Tomago smelter owners after closure warning,-0.34,0.9302335381507874,0.05126620829105377,0.01850016601383686,-0.9117333721369505,en,True,True
Unknown,https://www.perthnow.com.au/news/business/tasmania-slams-labors-1-billion-tomago-bailout-amid-bell-bay-aluminium-crisis-c-20503940,20251028T220000Z,Tasmania slams Labor $1 billion Tomago bailout amid Bell Bay Aluminium crisis,-0.6705,0.9195979833602905,0.06015400588512421,0.020248016342520714,-0.8993499670177698,en,True,True
Unknown,https://www.dailymail.co.uk/news/article-15232931/More-1-000-jobs-line-aluminum-smelter-faces-closure-soaring-energy-costs.html,20251028T024500Z,"More than 1 , 000 jobs on the line as aluminium smelter faces closure over soaring energy costs",0.2732,0.9136666059494019,0.07206398993730545,0.014269351027905941,-0.8993972549214959,en,True,True
Unknown,https://www.financialexpress.com/market/stock-insights/3-aluminium-stocks-in-india-to-watch-out-fornbsp/4022876/,20251027T110000Z,3 aluminium stocks in India to watch out for,0.0,0.010511917993426323,0.6082482933998108,0.38123980164527893,0.3707278836518526,en,True,True
Unknown,https://www.livemint.com/economy/core-sector-growth-industry-iip-gdp-steel-infra-refinery-products-electricity-coal-economy-trade-investment-employment-11761540412037.html,20251027T083000Z,Mint Explainer | Slowing core sectors to reverse overall industrial growth trend of Q2,0.3818,0.950571596622467,0.035147108137607574,0.014281307347118855,-0.9362902892753482,en,True,True
Unknown,https://www.abc.net.au/news/2025-10-29/liberty-bell-bay-tasmanian-smelter-sale-speculation/105920136,20251028T191500Z,US private equity firm White Oak eyeing off Tasmania troubled Liberty Bell Bay smelter,0.1027,0.9617903232574463,0.029490793123841286,0.008718871511518955,-0.9530714517459273,en,True,False
Unknown,https://www.canberratimes.com.au/story/9099555/we-need-energy-leader-touts-gas-to-save-smelter-jobs/,20251029T101500Z,  We need energy : leader touts gas to save smelter jobs,0.6369,0.6413721442222595,0.3217030167579651,0.03692486882209778,-0.6044472754001617,en,True,True
Unknown,https://www.skynews.com.au/business/energy/industry-minister-tim-ayres-blames-coalition-governments-for-high-power-prices-despite-labor-being-in-its-second-term/news-story/75612f4ed3e815fe5af998f86c5bf98c?nk=eb09448a6d28a5c2b993b8d12c895966-1761640340,20251028T084500Z,Industry Minister Tim Ayres blames Coalition governments for high power prices despite Labor being in its second term,-0.4019,0.8880393505096436,0.054636918008327484,0.057323772460222244,-0.8307155780494213,en,True,True
Unknown,https://www.northweststar.com.au/story/9098658/major-aluminium-smelter-in-talks-over-possible-closure/,20251028T000000Z,Major aluminium smelter in talks over possible closure,0.0,0.9277384281158447,0.05349483713507652,0.01876680739223957,-0.9089716207236052,en,True,True
Unknown,https://www.muswellbrookchronicle.com.au/story/9098658/major-aluminium-smelter-in-talks-over-possible-closure/,20251028T000000Z,Major aluminium smelter in talks over possible closure,0.0,0.9277384281158447,0.05349483713507652,0.01876680739223957,-0.9089716207236052,en,True,True
Unknown,https://www.bunburymail.com.au/story/9098658/major-aluminium-smelter-in-talks-over-possible-closure/,20251028T013000Z,Major aluminium smelter in talks over possible closure,0.0,0.9247470498085022,0.05647465959191322,0.018778221681714058,-0.9059688281267881,en,True,True
Unknown,https://www.queanbeyanage.com.au/story/9098658/major-aluminium-smelter-in-talks-over-possible-closure/,20251028T004500Z,Major aluminium smelter in talks over possible closure,0.0,0.9277384281158447,0.05349483713507652,0.01876680739223957,-0.9089716207236052,en,True,True
Unknown,https://www.dungogchronicle.com.au/story/9098658/major-aluminium-smelter-in-talks-over-possible-closure/,20251028T001500Z,Major aluminium smelter in talks over possible closure,0.0,0.9277384281158447,0.05349483713507652,0.01876680739223957,-0.9089716207236052,en,True,True
Unknown,https://www.singletonargus.com.au/story/9098658/major-aluminium-smelter-in-talks-over-possible-closure/,20251028T001500Z,Major aluminium smelter in talks over possible closure,0.0,0.9277384281158447,0.05349483713507652,0.01876680739223957,-0.9089716207236052,en,True,True
Unknown,https://www.katherinetimes.com.au/story/9098658/major-aluminium-smelter-in-talks-over-possible-closure/,20251028T001500Z,Major aluminium smelter in talks over possible closure,0.0,0.9277384281158447,0.05349483713507652,0.01876680739223957,-0.9089716207236052,en,True,True
Unknown,https://globalnews.ca/news/11500405/u-s-tariffs-to-raise-costs-delay-oil-and-gas-projects-in-2026-report-says/,20251029T180000Z,"U . S . Tariffs to raise costs , delay oil and gas projects in 2026 , report says",-0.3182,0.8197959661483765,0.08275451511144638,0.09744950383901596,-0.7223464623093605,en,True,True
Unknown,https://www.juneesoutherncross.com.au/story/9099555/double-standards-call-over-billion-dollar-smelter-offer/,20251028T211500Z,Double standards call over billion - dollar smelter offer,0.0,0.6413721442222595,0.3217030167579651,0.03692486882209778,-0.6044472754001617,en,True,True
Unknown,https://www.bunburymail.com.au/story/9099555/double-standards-call-over-billion-dollar-smelter-offer/,20251028T214500Z,Double standards call over billion - dollar smelter offer,0.0,0.6293708086013794,0.3337659239768982,0.03686323016881943,-0.59250757843256,en,True,True
Unknown,https://www.moreechampion.com.au/story/9099555/double-standards-call-over-billion-dollar-smelter-offer/,20251028T214500Z,Double standards call over billion - dollar smelter offer,0.0,0.6413721442222595,0.3217030167579651,0.03692486882209778,-0.6044472754001617,en,True,True
Unknown,https://www.oberonreview.com.au/story/9099555/double-standards-call-over-billion-dollar-smelter-offer/,20251028T214500Z,Double standards call over billion - dollar smelter offer,0.0,0.6413721442222595,0.3217030167579651,0.03692486882209778,-0.6044472754001617,en,True,True
Unknown,https://www.thecourier.com.au/story/9098658/major-aluminium-smelter-in-talks-over-possible-closure/,20251028T000000Z,Major aluminium smelter in talks over possible closure,0.0,0.9277384281158447,0.05349483713507652,0.01876680739223957,-0.9089716207236052,en,True,True
Unknown,https://www.southcoastregister.com.au/story/9098658/major-aluminium-smelter-in-talks-over-possible-closure/,20251028T004500Z,Major aluminium smelter in talks over possible closure,0.0,0.9277384281158447,0.05349483713507652,0.01876680739223957,-0.9089716207236052,en,True,True
Unknown,https://www.theleader.com.au/story/9098658/major-aluminium-smelter-in-talks-over-possible-closure/,20251028T004500Z,Major aluminium smelter in talks over possible closure,0.0,0.9277384281158447,0.05349483713507652,0.01876680739223957,-0.9089716207236052,en,True,True
Unknown,https://www.bluemountainsgazette.com.au/story/9098658/major-aluminium-smelter-in-talks-over-possible-closure/,20251028T013000Z,Major aluminium smelter in talks over possible closure,0.0,0.9215725660324097,0.057825978845357895,0.020601384341716766,-0.9009711816906929,en,True,True
Unknown,https://www.manningrivertimes.com.au/story/9098658/major-aluminium-smelter-in-talks-over-possible-closure/,20251028T010000Z,Major aluminium smelter in talks over possible closure,0.0,0.9277384281158447,0.05349483713507652,0.01876680739223957,-0.9089716207236052,en,True,True
Unknown,https://www.westernadvocate.com.au/story/9098658/major-aluminium-smelter-in-talks-over-possible-closure/,20251028T010000Z,Major aluminium smelter in talks over possible closure,0.0,0.9277384281158447,0.05349483713507652,0.01876680739223957,-0.9089716207236052,en,True,True
Unknown,https://www.newcastleherald.com.au/story/9098658/major-aluminium-smelter-in-talks-over-possible-closure/,20251028T004500Z,Major aluminium smelter in talks over possible closure,0.0,0.9277384281158447,0.05349483713507652,0.01876680739223957,-0.9089716207236052,en,True,True
Unknown,https://www.mudgeeguardian.com.au/story/9098658/major-aluminium-smelter-in-talks-over-possible-closure/,20251028T001500Z,Major aluminium smelter in talks over possible closure,0.0,0.9277384281158447,0.05349483713507652,0.01876680739223957,-0.9089716207236052,en,True,True
Unknown,https://www.theadvocate.com.au/story/9099860/tasnetworks-says-it-wont-forcibly-acquire-farmland/,20251029T070000Z,TasNetworks says it wont forcibly acquire farmland | The Advocate,0.0,0.015705525875091553,0.7313067317008972,0.2529877722263336,0.23728224635124207,en,False,True
Unknown,https://charter97.org/en/news/2025/10/29/661016/,20251029T121500Z,Indian Billionaire Mittal Has Been Caught Buying Russian Oil,0.0,0.8133981227874756,0.16869758069515228,0.017904335632920265,-0.7954937871545553,en,True,True
Unknown,https://www.argusmedia.com/en/news-and-insights/latest-market-news/2746976-rio-tinto-s-australian-al-smelter-faces-closure-risk,20251028T064500Z,Rio Tinto Australian Al smelter faces closure risk,-0.2732,0.10765469074249268,0.07011987268924713,0.8222254514694214,0.7145707607269287,en,True,True
Unknown,https://www.katherinetimes.com.au/story/9099555/aluminium-giant-urged-to-back-workers-before-shutdown/,20251029T000000Z,Aluminium giant urged to back workers before shutdown,0.0,0.6413721442222595,0.3217030167579651,0.03692486882209778,-0.6044472754001617,en,True,True
Unknown,https://www.bordermail.com.au/story/9099555/aluminium-giant-urged-to-back-workers-before-shutdown/,20251028T233000Z,Aluminium giant urged to back workers before shutdown,0.0,0.6413721442222595,0.3217030167579651,0.03692486882209778,-0.6044472754001617,en,True,True
Unknown,https://www.easternriverinachronicle.com.au/story/9099555/aluminium-giant-urged-to-back-workers-before-shutdown/,20251028T233000Z,Aluminium giant urged to back workers before shutdown,0.0,0.6413721442222595,0.3217030167579651,0.03692486882209778,-0.6044472754001617,en,True,True
Unknown,https://www.westernadvocate.com.au/story/9099555/aluminium-giant-urged-to-back-workers-before-shutdown/,20251029T010000Z,Aluminium giant urged to back workers before shutdown,0.0,0.6413721442222595,0.3217030167579651,0.03692486882209778,-0.6044472754001617,en,True,True
Unknown,https://www.narrominenewsonline.com.au/story/9099555/aluminium-giant-urged-to-back-workers-before-shutdown/,20251028T223000Z,Aluminium giant urged to back workers before shutdown,0.0,0.6413721442222595,0.3217030167579651,0.03692486882209778,-0.6044472754001617,en,True,True
Unknown,https://www.nynganobserver.com.au/story/9099555/aluminium-giant-urged-to-back-workers-before-shutdown/,20251028T223000Z,Aluminium giant urged to back workers before shutdown,0.0,0.6413721442222595,0.3217030167579651,0.03692486882209778,-0.6044472754001617,en,True,True
Unknown,https://www.greatlakesadvocate.com.au/story/9099555/aluminium-giant-urged-to-back-workers-before-shutdown/,20251028T223000Z,Aluminium giant urged to back workers before shutdown,0.0,0.6413721442222595,0.3217030167579651,0.03692486882209778,-0.6044472754001617,en,True,True
Unknown,https://www.theleader.com.au/story/9099555/aluminium-giant-urged-to-back-workers-before-shutdown/,20251028T221500Z,Aluminium giant urged to back workers before shutdown,0.0,0.6413721442222595,0.3217030167579651,0.03692486882209778,-0.6044472754001617,en,True,True
Unknown,https://www.cessnockadvertiser.com.au/story/9099555/aluminium-giant-urged-to-back-workers-before-shutdown/,20251028T230000Z,Aluminium giant urged to back workers before shutdown,0.0,0.6413721442222595,0.3217030167579651,0.03692486882209778,-0.6044472754001617,en,True,True
Unknown,https://www.dailyadvertiser.com.au/story/9099555/aluminium-giant-urged-to-back-workers-before-shutdown/,20251028T224500Z,Aluminium giant urged to back workers before shutdown,0.0,0.6413721442222595,0.3217030167579651,0.03692486882209778,-0.6044472754001617,en,True,True
Unknown,https://www.dailymail.co.uk/auhome/article-15236911/secret-Labor-didnt-want-aussies-know-power-bills.html,20251029T160000Z,It the secret Labor didnt want Aussies to know - and it reveals why your power bills are going to soar through the roof again and again,-0.0572,0.05475031957030296,0.7486037611961365,0.19664590060710907,0.1418955810368061,en,True,True
Unknown,https://www.downtoearth.org.in/energy/hydrogen-ammonia-and-other-new-energy-commodities-to-deliver-over-a-quarter-of-emissions-reduction-in-asia-pacific-dnv,20251029T080000Z,Green Fuels Revolution : Hydrogen and Ammonia to Cut APAC Emissions by 25 % ,-0.2732,0.012022068724036217,0.2664763033390045,0.7215016484260559,0.7094795797020197,en,True,True
Unknown,https://www.foundry-planet.com/d/green-steel-for-tomorrows-mobility/,20251027T034500Z,foundry - planet . com - B2B Portal : Green steel for Tomorrow Mobility,0.0,0.008612972684204578,0.554460346698761,0.43692663311958313,0.42831366043537855,en,True,True
Unknown,https://www.abc.net.au/news/2025-10-28/tomago-aluminum-closure-risk-energy-price-increase/105941120,20251028T010000Z,Tomago Aluminium at risk of closure as energy prices continue to rise,0.0,0.22244428098201752,0.6865482926368713,0.09100747108459473,-0.1314368098974228,en,True,True
Unknown,https://www.theguardian.com/australia-news/2025/oct/28/tomago-aluminium-smelter-potential-closure-rio-tinto-jobs-future,20251027T233000Z,"Australia largest aluminium smelter Tomago  not commercially viable  and may close , says Rio Tinto | Business",0.0,0.6083910465240479,0.3449869453907013,0.04662196710705757,-0.5617690794169903,en,True,True
Unknown,https://markets.financialcontent.com/stocks/article/stockstory-2025-10-28-gates-industrial-corporation-gtes-q3-earnings-report-preview-what-to-look-for,20251028T040000Z,Gates Industrial Corporation ( GTES ) Q3 Earnings Report Preview : What To Look For,0.0,0.7123802304267883,0.031310342252254486,0.2563094198703766,-0.45607081055641174,en,False,True
Unknown,https://www.siliconindia.com/news/general/10-stocks-set-to-steer-market-sentiment-today-nid-238180-cid-1.html,20251029T080000Z,10 Stocks Set to Steer Market Sentiment Today,0.0,0.9224752187728882,0.03908713161945343,0.038437698036432266,-0.8840375207364559,en,True,True
Unknown,https://www.yahoo.com/news/articles/ukrainian-drones-strike-2-oil-082942700.html,20251029T090000Z,"Ukrainian drones strike 2 oil depots in Russian - occupied Crimea , media reports",-0.128,0.9418457746505737,0.04554770141839981,0.012606528587639332,-0.9292392460629344,en,True,True
Unknown,https://www.ipswichstar.co.uk/news/25573718.biggest-iberdrola-hvdc-converter-lands-off-suffolk-coast/,20251027T121500Z,Biggest Iberdrola HVDC converter lands off Suffolk coast,0.0,0.009339049458503723,0.6234137415885925,0.36724716424942017,0.35790811479091644,en,False,True
Unknown,https://www.oregonlive.com/environment/2025/10/a-300-mile-power-line-was-supposed-to-serve-the-public-now-it-may-serve-a-data-center.html,20251027T124500Z,A 300 - mile power line was supposed to serve the public . Now it may serve a data center,0.0,0.2087523639202118,0.7131103277206421,0.07813724875450134,-0.13061511516571045,en,False,True
Unknown,https://www.southcoastregister.com.au/story/9098658/largest-smelter-could-close-in-national-interest-blow/,20251028T054500Z,Largest smelter could close in  national interest  blow,0.4588,0.9277384281158447,0.05349483713507652,0.01876680739223957,-0.9089716207236052,en,True,True
Unknown,https://www.theleader.com.au/story/9098658/largest-smelter-could-close-in-national-interest-blow/,20251028T054500Z,Largest smelter could close in  national interest  blow,0.4588,0.9277384281158447,0.05349483713507652,0.01876680739223957,-0.9089716207236052,en,True,True
Unknown,https://www.tickerreport.com/banking-finance/13215965/flyht-aerospace-solutions-cvefly-stock-crosses-above-50-day-moving-average-whats-next.html,20251028T090000Z,FLYHT Aerospace Solutions ( CVE : FLY ) Stock Crosses Above 50 Day Moving Average – What Next ? ,0.1779,0.01757804863154888,0.9296300411224365,0.05279187485575676,0.03521382622420788,en,False,True
Unknown,https://www.armidaleexpress.com.au/story/9099555/we-need-energy-leader-touts-gas-to-save-smelter-jobs/,20251029T063000Z,  We need energy : leader touts gas to save smelter jobs,0.6369,0.6413721442222595,0.3217030167579651,0.03692486882209778,-0.6044472754001617,en,True,True
Unknown,https://www.bunburymail.com.au/story/9099555/we-need-energy-leader-touts-gas-to-save-smelter-jobs/,20251029T063000Z,  We need energy : leader touts gas to save smelter jobs,0.6369,0.6293708086013794,0.3337659239768982,0.03686323016881943,-0.59250757843256,en,True,True
Unknown,https://www.thecourier.com.au/story/9099555/we-need-energy-leader-touts-gas-to-save-smelter-jobs/,20251029T091500Z,  We need energy : leader touts gas to save smelter jobs,0.6369,0.6413721442222595,0.3217030167579651,0.03692486882209778,-0.6044472754001617,en,True,True
Unknown,https://www.naroomanewsonline.com.au/story/9099555/we-need-energy-leader-touts-gas-to-save-smelter-jobs/,20251029T083000Z,  We need energy : leader touts gas to save smelter jobs,0.6369,0.6413721442222595,0.3217030167579651,0.03692486882209778,-0.6044472754001617,en,True,True
Unknown,https://www.portstephensexaminer.com.au/story/9099555/we-need-energy-leader-touts-gas-to-save-smelter-jobs/,20251029T103000Z,  We need energy : leader touts gas to save smelter jobs,0.6369,0.6413721442222595,0.3217030167579651,0.03692486882209778,-0.6044472754001617,en,True,True
Unknown,https://www.sconeadvocate.com.au/story/9099555/we-need-energy-leader-touts-gas-to-save-smelter-jobs/,20251029T071500Z,  We need energy : leader touts gas to save smelter jobs,0.6369,0.6413721442222595,0.3217030167579651,0.03692486882209778,-0.6044472754001617,en,True,True
Unknown,https://www.irrigator.com.au/story/9099555/we-need-energy-leader-touts-gas-to-save-smelter-jobs/,20251029T071500Z,  We need energy : leader touts gas to save smelter jobs,0.6369,0.6413721442222595,0.3217030167579651,0.03692486882209778,-0.6044472754001617,en,True,True
Unknown,https://www.lithgowmercury.com.au/story/9099555/we-need-energy-leader-touts-gas-to-save-smelter-jobs/,20251029T070000Z,  We need energy : leader touts gas to save smelter jobs,0.6369,0.6413721442222595,0.3217030167579651,0.03692486882209778,-0.6044472754001617,en,True,True
Unknown,https://www.cootamundraherald.com.au/story/9099555/we-need-energy-leader-touts-gas-to-save-smelter-jobs/,20251029T083000Z,  We need energy : leader touts gas to save smelter jobs,0.6369,0.6413721442222595,0.3217030167579651,0.03692486882209778,-0.6044472754001617,en,True,True
Unknown,https://www.nvi.com.au/story/9099555/we-need-energy-leader-touts-gas-to-save-smelter-jobs/,20251029T083000Z,  We need energy : leader touts gas to save smelter jobs,0.6369,0.6413721442222595,0.3217030167579651,0.03692486882209778,-0.6044472754001617,en,True,True
Unknown,https://www.easternriverinachronicle.com.au/story/9099555/we-need-energy-leader-touts-gas-to-save-smelter-jobs/,20251029T091500Z,  We need energy : leader touts gas to save smelter jobs,0.6369,0.6413721442222595,0.3217030167579651,0.03692486882209778,-0.6044472754001617,en,True,True
Unknown,https://www.afr.com/policy/energy-and-climate/shovel-ready-renewables-projects-grind-to-a-halt-20251027-p5n5na,20251027T204500Z,Clean Energy Regulator : Shovel - ready projects at lowest level since 2016,0.5719,0.9671661257743835,0.024576371535658836,0.008257563225924969,-0.9589085625484586,en,False,True
Unknown,https://www.cnbc.com/2025/10/27/chinas-industrial-profits-surge-21point6percent-september-biggest-jump-in-nearly-two-years-.html,20251027T021500Z,"China industrial profits surge 21 . 6 % in September , biggest jump in nearly two years",0.4404,0.9224121570587158,0.012285183183848858,0.06530263274908066,-0.8571095243096352,en,True,True
Unknown,https://www.breitbart.com/economy/2025/10/28/trump-sanctions-push-russian-oil-giant-lukoil-to-sell-foreign-assets/,20251029T001500Z,Trump Sanctions Push Russian Oil Giant Lukoil to Sell Foreign Assets,0.1779,0.9440217018127441,0.04362897574901581,0.01234924141317606,-0.9316724603995681,en,True,True
Unknown,https://www.breitbart.com/national-security/2025/10/28/trump-sanctions-push-russian-oil-giant-lukoil-to-sell-foreign-assets/,20251029T151500Z,Trump Sanctions Push Russian Oil Giant Lukoil to Sell Foreign Assets,0.1779,0.9440217018127441,0.04362897574901581,0.01234924141317606,-0.9316724603995681,en,True,True
Unknown,https://allafrica.com/stories/202510270197.html,20251027T133000Z,"Nigeria : Dangote Refinery Set to Become World Biggest , Plans 1 . 4 Million Bpd Processing Capacity",0.0,0.00784300733357668,0.11530375480651855,0.8768532872200012,0.8690102798864245,en,True,True
Unknown,https://news.ku.edu/news/article/study-documents-wind-regulations-across-all-kansas-counties-can-help-guide-energy-policies-nationwide,20251027T184500Z,Featured news and headlines,0.0,0.04162627086043358,0.9059450626373291,0.05242866277694702,0.010802391916513443,en,False,True
Unknown,https://www.mining.com/press-release?id=690248a1bd3a3493120d2e6d,20251029T190000Z,Press Release,0.0,0.05467228218913078,0.9206537008285522,0.02467401511967182,-0.02999826706945896,en,True,False
Unknown,https://www.ghanaweb.com/GhanaHomePage/business/From-650-000-to-1-4M-Barrels-Per-Day-Dangote-unveils-ambitious-refinery-expansion-2006905,20251027T174500Z,"From 650 , 000 to 1 . 4M Barrels Per Day : Dangote unveils ambitious refinery expansion",0.4767,0.016361970454454422,0.05261988192796707,0.9310181140899658,0.9146561436355114,en,True,True
Unknown,https://www.heraldscotland.com/opinion/25572871.lack-sort-industrial-strategy-alarming/,20251027T124500Z,The lack of any sort of industrial strategy is alarming,-0.4215,0.8131270408630371,0.15271660685539246,0.03415633738040924,-0.7789707034826279,en,True,True
Unknown,https://www.perthnow.com.au/news/fantastic-future-mining-billionaire-andrew-forrest-backs-australian-manufacturing-c-20484306,20251027T043000Z,  Fantastic future : Mining billionaire Andrew Forrest backs Australian manufacturing,0.5267,0.022292522713541985,0.701327383518219,0.2763800621032715,0.2540875393897295,en,True,True
Unknown,https://www.enca.com/business/nigeria-refinery-aims-be-worlds-biggest-expansion,20251027T123000Z,Nigeria refinery aims to be world biggest with expansion,0.0,0.9391312003135681,0.043105244636535645,0.017763622105121613,-0.9213675782084465,en,True,True
Unknown,https://www.finanznachrichten.de/nachrichten-2025-10/66809242-envision-energy-takes-gold-for-cross-border-collaboration-at-2025-asian-power-awards-008.htm,20251028T101500Z,Envision Energy Takes Gold for Cross - Border Collaboration at 2025 Asian Power Awards,0.6249,0.00815502367913723,0.14281195402145386,0.8490330576896667,0.8408780340105295,en,False,True
Unknown,https://www.techradar.com/pro/how-technology-can-power-the-uk-to-net-zero,20251028T170000Z,How technology can power the united kingdom to net zero,0.4215,0.011615294963121414,0.7411289215087891,0.24725572764873505,0.23564043268561363,en,False,True
