date,mean,median,min,max,std,dataset
2015-01-31,20570.932638888888,3.55,-7.1,1061241.0,97907.7869492833,construction
2015-02-28,20793.122916666667,3.7,-11.4,1072895.0,99078.46539635485,construction
2015-03-31,21234.55798611111,4.05,-5.5,1086748.0,100455.18517527237,construction
2015-04-30,21944.46875,4.7,-6.1,1115619.0,103178.69525840307,construction
2015-05-31,22419.667708333334,3.9,-5.3,1135433.0,105106.87059115041,construction
2015-06-30,22984.308333333334,4.6,-22.3,1158193.0,107260.22399819936,construction
2015-07-31,22871.44513888889,3.75,-8.8,1154561.0,106796.79008558532,construction
2015-08-31,23104.06076388889,3.7,-5.4,1164377.0,107687.24611376006,construction
2015-09-30,23009.35347222222,3.5,-23.6,1163937.0,107680.50949802704,construction
2015-10-31,22700.053125,3.4,-11.1,1151533.0,106558.17357639538,construction
2015-11-30,22429.643055555556,3.4,-9.6,1145510.0,106022.85804023265,construction
2015-12-31,22491.775,3.4,-13.6,1156354.0,106837.39050560715,construction
2016-01-31,22414.746874999997,3.45,-5.4,1160988.0,107120.6150911403,construction
2016-02-29,22664.72465277778,3.6,-10.2,1172851.0,108310.77122200716,construction
2016-03-31,23104.998958333334,3.6,-20.0,1188776.0,109926.86686719627,construction
2016-04-30,23139.80416666667,3.6,-4.7,1185902.0,109775.80425045529,construction
2016-05-31,23347.333333333332,3.6500000000000004,-8.7,1190685.0,110368.22353372825,construction
2016-06-30,24026.684375,3.7,-9.2,1217604.0,112843.46684494466,construction
2016-07-31,23939.9625,3.45,-19.6,1214532.0,112747.47611801526,construction
2016-08-31,24089.478125,3.5,-12.5,1221250.0,113406.32530528192,construction
2016-09-30,24296.404166666667,3.6,-5.1,1232438.0,114377.57634861504,construction
2016-10-31,24348.639583333334,3.4,-12.9,1241100.0,115136.97105509436,construction
2016-11-30,24697.879166666666,3.6,-7.2,1264881.0,117371.69088095981,construction
2016-12-31,24597.175000000003,3.5,-5.7,1270443.0,117961.24934424432,construction
2017-01-31,24135.35173611111,3.45,-16.2,1256025.0,116724.41002133879,construction
2017-02-28,24469.92013888889,3.8499999999999996,-4.2,1277327.0,118504.36431732983,construction
2017-03-31,24601.828125,3.85,-4.3,1274466.0,118231.29633170369,construction
2017-04-30,24506.89375,3.4,-24.3,1268229.0,117818.83635550435,construction
2017-05-31,24919.870138888888,4.05,-4.5,1282119.0,118982.93989899836,construction
2017-06-30,24913.30659722222,3.3499999999999996,-18.9,1277442.0,118575.3073095717,construction
2017-07-31,24846.00625,3.6,-6.9,1275620.0,118386.2648701645,construction
2017-08-31,24834.497916666664,3.7,-3.9,1274043.0,118235.26541804645,construction
2017-09-30,24901.272222222222,3.9,-12.1,1280026.0,118774.80618723067,construction
2017-10-31,24996.74166666667,3.8,-15.6,1283890.0,119031.79634343277,construction
2017-11-30,25267.944444444445,3.7,-14.2,1309300.0,121373.68459206804,construction
2017-12-31,25166.4,3.3,-15.5,1314355.0,121928.01963471403,construction
2018-01-31,25538.653124999997,3.7,-23.6,1338470.0,124382.66107816012,construction
2018-02-28,25877.97847222222,3.7,-9.2,1354758.0,125980.42302984968,construction
2018-03-31,25878.72638888889,3.6,-10.8,1345730.0,125034.17475036804,construction
2018-04-30,26139.04513888889,3.7,-8.1,1353497.0,125666.70221647313,construction
2018-05-31,26391.917013888888,3.6,-7.5,1360723.0,126325.58154599002,construction
2018-06-30,26132.627777777776,3.3,-8.1,1342064.0,124509.05902059356,construction
2018-07-31,26060.705208333336,3.6500000000000004,-5.4,1335024.0,123776.74991710804,construction
2018-08-31,26258.744444444445,3.7,-9.6,1339141.0,124078.35621317237,construction
2018-09-30,25827.03576388889,2.9,-15.7,1323245.0,122799.10297305416,construction
2018-10-31,25699.968055555553,3.3,-4.8,1315931.0,122021.84367366426,construction
2018-11-30,25291.859375,2.9,-7.8,1302721.0,120735.53441218771,construction
2018-12-31,25025.96319444444,3.8,-7.5,1292045.0,119739.87208047828,construction
2019-01-31,24999.247569444444,3.3,-12.0,1295341.0,119837.69619482452,construction
2019-02-28,25340.994791666668,3.7,-6.2,1310297.0,121152.21795808451,construction
2019-03-31,25705.96423611111,3.4,-15.8,1319912.0,122178.22936695839,construction
2019-04-30,26506.30277777778,3.5,-12.4,1352871.0,124995.50897625268,construction
2019-05-31,26839.933680555558,3.1,-6.8,1364812.0,126313.06137755087,construction
2019-06-30,27220.632291666665,3.3,-6.2,1381444.0,127992.93899451876,construction
2019-07-31,27882.231944444444,3.2,-2.4,1412986.0,130903.47581634799,construction
2019-08-31,28133.327083333334,3.1,-8.7,1425690.0,132239.0520645803,construction
2019-09-30,28322.243055555555,3.1,-7.1,1438309.0,133337.3356103545,construction
2019-10-31,28376.47638888889,2.75,-7.7,1445024.0,134042.2641589426,construction
2019-11-30,28604.563194444447,2.9,-4.6,1464447.0,135855.95289026017,construction
2019-12-31,28472.55277777778,2.9,-3.9,1469119.0,136127.07420386636,construction
2020-01-31,28757.786805555555,3.2,-11.8,1491029.0,137854.8742454138,construction
2020-02-29,28876.07013888889,2.7,-5.2,1498750.0,138488.51327627923,construction
2020-03-31,29058.894791666666,2.75,-5.9,1502330.0,138850.95085037503,construction
2020-04-30,28352.167013888888,2.55,-11.4,1459363.0,134753.55645556597,construction
2020-05-31,28315.766666666666,2.7,-7.7,1449765.0,133783.88967421916,construction
2020-06-30,28634.153819444444,2.7,-17.6,1460368.0,134834.36969945976,construction
2020-07-31,28820.14826388889,2.7,-4.2,1474508.0,136222.97229506524,construction
2020-08-31,28946.322916666668,2.75,-5.6,1489581.0,137723.81888958238,construction
2020-09-30,29240.538194444445,2.8,-4.8,1512309.0,139875.47197498148,construction
2020-10-31,29596.154166666667,2.75,-10.9,1538356.0,142445.00745456858,construction
2020-11-30,29638.561805555557,2.6500000000000004,-7.7,1552503.0,143752.792021432,construction
2020-12-31,29827.587152777778,2.8,-7.1,1577213.0,146065.35282749464,construction
2021-01-31,30048.660069444442,2.9,-3.8,1599028.0,148257.9704861003,construction
2021-02-28,29598.543749999997,2.6,-6.9,1575321.0,146150.4743443817,construction
2021-03-31,30444.050694444442,2.8,-6.6,1610208.0,149559.77597361262,construction
2021-04-30,30563.417708333334,2.7,-10.0,1614849.0,150146.90121480185,construction
2021-05-31,30866.42222222222,2.7,-8.7,1627889.0,151463.29228243505,construction
2021-06-30,31168.675347222223,2.8,-17.4,1639031.0,152748.35953142057,construction
2021-07-31,31574.880208333332,2.7,-5.0,1661485.0,154949.34375771563,construction
2021-08-31,31648.232291666667,2.7,-6.5,1664988.0,155292.86550827083,construction
2021-09-30,31687.313194444443,2.7,-7.5,1673006.0,156235.65077802504,construction
2021-10-31,31891.086805555555,2.7,-4.4,1689011.0,157827.53934648365,construction
2021-11-30,32533.52951388889,2.7,-1.2,1731866.0,161861.19390651,construction
2021-12-31,32787.02951388889,2.7,-14.3,1763060.0,164960.32282949463,construction
2022-01-31,33472.26493055556,2.8,-4.4,1808519.0,169370.91259971037,construction
2022-02-28,34121.333333333336,2.8,-1.0,1844343.0,172805.30990062948,construction
2022-03-31,34936.935069444444,2.7,-3.5,1876116.0,175915.1522448841,construction
2022-04-30,35762.46770833333,3.1500000000000004,-4.1,1911323.0,179270.27745925862,construction
2022-05-31,36133.48576388889,2.7,-5.1,1925882.0,180956.28398397125,construction
2022-06-30,36268.56111111111,2.6,-3.3,1917963.0,179877.96124956384,construction
2022-07-31,36592.644791666666,2.8499999999999996,-2.4,1924328.0,180163.02193317888,construction
2022-08-31,36605.13506944445,2.6,-3.5,1917606.0,179367.00487560828,construction
2022-09-30,36690.56145833333,2.6500000000000004,-5.7,1919931.0,179498.59283903474,construction
2022-10-31,36609.51597222222,2.7,-11.5,1916369.0,179081.38626285203,construction
2022-11-30,36623.25659722222,2.6,-2.0,1918913.0,179228.25295754918,construction
2022-12-31,36676.22222222222,2.4,-15.1,1928393.0,179963.5549853095,construction
2023-01-31,37273.01770833333,2.8,-2.2,1957962.0,182739.39316796762,construction
2023-02-28,37724.377430555556,2.7,-1.7,1976696.0,184399.55641469022,construction
2023-03-31,38456.428125000006,2.6,-2.7,1996401.0,186193.1631320985,construction
2023-04-30,39185.17638888889,2.6,-1.6,2023621.0,188817.22282925152,construction
2023-05-31,39925.00833333333,2.3,-3.6,2054535.0,191589.35145713048,construction
2023-06-30,40393.68541666667,2.3,-6.2,2071559.0,193151.5018632568,construction
2023-07-31,40609.978124999994,2.0,-7.0,2085773.0,194616.96225594205,construction
2023-08-31,41178.368055555555,2.7,-0.2,2108277.0,196686.5157194891,construction
2023-09-30,41386.74444444445,2.5,-3.5,2123480.0,197935.3513860297,construction
2023-10-31,41752.37291666667,2.5,-3.0,2142735.0,199711.39736198977,construction
2023-11-30,42074.01770833333,2.7,-5.8,2167301.0,201943.68214276698,construction
2023-12-31,41999.070138888885,2.7,-4.1,2176796.0,202703.66355692272,construction
2024-01-31,41450.353472222225,2.45,-7.6,2161405.0,201266.01101628706,construction
2024-02-29,41890.549305555556,2.8,-2.4,2184616.0,203253.89886921606,construction
2024-03-31,41953.88923611111,2.8,-3.5,2174863.0,202469.87326984733,construction
2024-04-30,42615.70972222222,3.0,-7.9,2206494.0,205413.19729381462,construction
2024-05-31,42860.601388888885,2.9,-3.9,2215350.0,206283.35569276422,construction
2024-06-30,42729.528125,2.9,-4.7,2199846.0,204979.07758391427,construction
2024-07-31,42824.90833333333,3.1,-6.5,2200746.0,204829.50585290106,construction
2024-08-31,42996.99340277778,3.1,-2.6,2205322.0,205194.15760027934,construction
2024-09-30,42746.02118055555,3.1,-2.9,2197940.0,204378.44594183963,construction
2024-10-31,42681.528819444444,3.1,-4.5,2197116.0,204075.4501823611,construction
2024-11-30,42389.1875,3.1,-4.8,2192932.0,203696.66990754803,construction
2024-12-31,41730.70104166667,3.0,-4.3,2176642.0,202105.17797442805,construction
2025-01-31,41536.57777777778,3.1,-3.7,2169595.0,201407.90527505602,construction
2025-02-28,41473.948958333334,3.2,-1.9,2165431.0,201029.95493991184,construction
2025-03-31,41477.10902777778,3.1500000000000004,-2.4,2150847.0,199591.0307171246,construction
2025-04-30,41720.7625,3.1,-3.6,2153440.0,199750.92583493,construction
2025-05-31,41809.354166666664,2.9,-1.2,2149124.0,199343.0114895951,construction
2025-06-30,41791.41909722222,2.95,-1.8,2140546.0,198537.19872212945,construction
2025-07-31,41783.28923611111,2.9,-1.0,2139110.0,198343.66905044147,construction
2015-01-31,33215.51152413793,7.45,-79.7,1255671.0,125785.21921598545,m3
2015-02-28,33269.486537931036,8.85,-72.0,1251125.0,125495.55064135644,m3
2015-03-31,34038.04072413793,30.15,-23.6,1250259.0,126566.30965155788,m3
2015-04-30,33637.760455172414,7.0,-64.8,1241508.0,125698.36665830157,m3
2015-05-31,33407.86393103449,5.76,-65.4,1227817.0,124674.72812177037,m3
2015-06-30,33924.41151034483,22.05,-18.4,1227999.0,125447.89215227566,m3
2015-07-31,33401.221620689656,4.95,-63.7,1227569.0,124683.187891073,m3
2015-08-31,33305.0856,8.2,-46.1,1218805.0,123978.50849754436,m3
2015-09-30,33149.83904827586,11.55,-753.0,1207218.0,122980.67541499162,m3
2015-10-31,33078.22884827586,6.95,-699.8,1207516.0,122821.28241684806,m3
2015-11-30,32682.574103448278,4.7,-28.2,1205052.0,121989.76723886152,m3
2015-12-31,32532.79948275862,15.45,-64.9,1206154.0,121786.9660086163,m3
2016-01-31,32208.05396551724,7.5,-56.6,1210310.0,121592.69363182322,m3
2016-02-29,32302.010268965518,12.15,-89.3,1204592.0,121392.34955160304,m3
2016-03-31,32809.229441379306,23.0,-32.2,1205066.0,121951.21713669837,m3
2016-04-30,32621.345337931038,5.470000000000001,-62.7,1207046.0,121927.77129085694,m3
2016-05-31,32653.07744827586,6.9,-60.4,1203918.0,122035.20988273155,m3
2016-06-30,32590.11088275862,15.9,-77.2,1190337.0,121183.64190077226,m3
2016-07-31,32089.89791724138,5.29,-64.5,1186998.0,120288.49157321219,m3
2016-08-31,32491.78191034483,14.75,-56.8,1182069.0,120553.56615248138,m3
2016-09-30,32459.517206896555,11.55,-49.6,1177185.0,120090.68380389348,m3
2016-10-31,32607.274400000002,6.0,-42.7,1190585.0,121124.00717119087,m3
2016-11-30,32260.14243448276,5.449999999999999,-73.4,1187293.0,120410.74908486717,m3
2016-12-31,32498.944593103446,17.244999999999997,-51.4,1188478.0,120745.92596973883,m3
2017-01-31,32160.37648275862,7.3,-93.8,1184934.0,120162.1808792469,m3
2017-02-28,32358.332386206897,9.1,-38.4,1184275.0,120376.76030238207,m3
2017-03-31,33073.95117241379,23.65,-38.0,1187393.0,121560.61302741387,m3
2017-04-30,32593.57076551724,4.75,-62.7,1184980.0,120790.19328646031,m3
2017-05-31,32797.01424827586,9.149999999999999,-47.2,1174939.0,120731.29730609705,m3
2017-06-30,33279.35446896552,17.9,-19.3,1187244.0,122289.31559904496,m3
2017-07-31,32505.475496551724,5.199999999999999,-77.7,1181920.0,120806.25040355626,m3
2017-08-31,33024.449372413794,14.7,-41.7,1174841.0,121217.4534846267,m3
2017-09-30,33215.54483448276,12.45,-29.6,1175526.0,121421.23912462585,m3
2017-10-31,33229.2148,6.55,-49.0,1174523.0,121473.71602438489,m3
2017-11-30,33271.121531034485,6.6,-81.0,1171994.0,121594.5589655346,m3
2017-12-31,33517.2566137931,15.95,-19.1,1183833.0,122601.89331571574,m3
2018-01-31,33178.73036551724,7.904999999999999,-93.4,1178733.0,121932.94334996564,m3
2018-02-28,33461.60926206897,9.6,-17.5,1179470.0,122325.08301083585,m3
2018-03-31,34331.62716551724,23.6,-28.4,1191109.0,124208.3965682483,m3
2018-04-30,34030.000441379314,5.0,-69.0,1191264.0,123857.76321548602,m3
2018-05-31,34362.956255172416,7.800000000000001,-14.5,1188926.0,124408.61292282738,m3
2018-06-30,34539.116027586206,15.51,-33.4,1191812.0,124564.80464127849,m3
2018-07-31,34067.243862068965,5.555,-70.9,1187306.0,123641.08049173708,m3
2018-08-31,34639.84730344828,15.125,-30.7,1188869.0,124477.08801770423,m3
2018-09-30,34612.52216551724,9.149999999999999,-24.1,1192854.0,124212.67214616171,m3
2018-10-31,34583.13362068965,7.449999999999999,-62.4,1187856.0,123880.88215364322,m3
2018-11-30,34083.98644137931,4.85,-29.0,1178890.0,122363.29356217774,m3
2018-12-31,34065.960075862065,14.0,-26.1,1178934.0,122219.02217598005,m3
2019-01-31,33809.57264137931,7.949999999999999,-89.1,1174688.0,121683.6605844565,m3
2019-02-28,33789.74875862069,7.55,-2555.0,1163519.0,120956.97502844482,m3
2019-03-31,34522.50995172414,23.950000000000003,-497.9,1166677.0,122025.56692171642,m3
2019-04-30,34119.9494137931,4.75,-2349.0,1156039.0,120937.92329937736,m3
2019-05-31,34007.725917241376,6.05,-7044.0,1135472.0,119776.88884596385,m3
2019-06-30,33813.15233793104,10.55,-3146.0,1119585.0,118430.48599009246,m3
2019-07-31,33518.54803448276,4.15,-428.0,1112151.0,117696.19895813725,m3
2019-08-31,33718.92926896551,11.75,-1022.7,1105676.0,117510.3697533714,m3
2019-09-30,33528.59688275862,8.149999999999999,-1461.0,1098202.0,116547.14783602153,m3
2019-10-31,33456.59235172414,6.105,-118.7,1092083.0,116016.15833183669,m3
2019-11-30,32933.5963862069,3.9,-409.0,1080067.0,114518.14829772864,m3
2019-12-31,32934.319110344826,19.7,-4151.0,1072957.0,113852.95240964879,m3
2020-01-31,32870.344124137926,7.800000000000001,-392.3,1081189.0,114170.9155562064,m3
2020-02-29,33080.85823448276,9.65,-21.8,1091601.0,114777.30271187381,m3
2020-03-31,32538.035365517244,19.5,-6001.0,1083282.0,113070.73050789598,m3
2020-04-30,30810.753489655173,4.23,-4659.0,1072207.0,109989.26563148573,m3
2020-05-31,31193.91462068966,14.3,-495.1,1071895.0,110517.81707565066,m3
2020-06-30,32156.543862068967,28.85,-6130.0,1063694.0,111394.32095588291,m3
2020-07-31,32246.097275862066,9.45,-209.0,1061361.0,111392.64170071245,m3
2020-08-31,32538.091296551727,9.25,-1315.8,1061781.0,111717.88916168814,m3
2020-09-30,32811.5742137931,10.75,-37.0,1064471.0,112266.325142479,m3
2020-10-31,32955.79651034482,6.5,-23.6,1068989.0,112697.01817618248,m3
2020-11-30,32906.70969655173,6.95,-93.8,1074211.0,112867.8609539683,m3
2020-12-31,33379.04543448276,17.55,-35.7,1078561.0,113873.53505969203,m3
2021-01-31,33468.74044827586,8.6,-63.7,1087445.0,114598.06539993518,m3
2021-02-28,33963.04932413793,9.4,-34.4,1104352.0,116256.38344131241,m3
2021-03-31,35089.318682758625,24.5,-25.8,1123545.0,119002.02112960028,m3
2021-04-30,35028.50466896552,5.4,-45.1,1132397.0,119480.19839589615,m3
2021-05-31,35470.447268965516,6.6,-26.9,1141962.0,120950.69467893799,m3
2021-06-30,36314.515158620685,14.7,-31.3,1154946.0,123174.29856376043,m3
2021-07-31,36219.58157931035,6.165,-52.0,1161328.0,123512.33093279977,m3
2021-08-31,36935.56374482759,11.0,-22.3,1176513.0,125523.08911500653,m3
2021-09-30,37301.73193103448,11.2,-35.9,1184047.0,126551.44200593728,m3
2021-10-31,37627.58095172414,6.195,-43.0,1191314.0,127655.77318257597,m3
2021-11-30,37893.2428,6.35,-23.3,1200818.0,128660.17916919767,m3
2021-12-31,38403.23194482759,15.0,-25.7,1214534.0,130211.60706655745,m3
2022-01-31,38573.05435862069,8.0,-72.6,1230251.0,131586.3991979095,m3
2022-02-28,39057.94444137931,9.850000000000001,-35.2,1242568.0,133050.4879479189,m3
2022-03-31,40517.22151724138,23.85,-24.7,1253898.0,136380.69428449444,m3
2022-04-30,40319.18459310345,4.9,-48.1,1257862.0,136372.4855689764,m3
2022-05-31,40901.17737931035,8.4,-22.7,1258436.0,137801.99411399465,m3
2022-06-30,41525.60151724138,16.2,-28.5,1264691.0,139222.00016449622,m3
2022-07-31,40963.97208275862,4.875,-71.1,1270973.0,138574.47670040868,m3
2022-08-31,41490.769655172415,14.25,-45.1,1274539.0,139524.3235952564,m3
2022-09-30,41631.28135172414,9.4,-48.0,1277332.0,139883.12814062356,m3
2022-10-31,41834.074675862066,6.365,-52.1,1283660.0,140677.07863432285,m3
2022-11-30,41415.078455172414,5.0600000000000005,-62.4,1280862.0,139657.917118749,m3
2022-12-31,41649.27740689655,16.35,-27.3,1291737.0,140346.11735998554,m3
2023-01-31,41563.74591724138,7.5,-55.8,1297446.0,140804.6087572783,m3
2023-02-28,41468.30335862069,6.75,-32.6,1300912.0,140654.99805279978,m3
2023-03-31,42314.88013103448,24.85,-38.9,1312576.0,142358.5369458179,m3
2023-04-30,41819.98985517241,5.0,-37.8,1320187.0,141862.63626449945,m3
2023-05-31,42128.60424137931,9.350000000000001,-45.7,1320659.0,142552.9113823866,m3
2023-06-30,42666.31845517241,14.0,-35.5,1335170.0,144201.8221622014,m3
2023-07-31,41994.143537931035,4.715,-46.3,1339829.0,143514.64248371718,m3
2023-08-31,42658.15864137931,13.05,-28.4,1340742.0,144729.13437119257,m3
2023-09-30,42843.36644827586,9.0,-16.0,1352106.0,145561.09797471718,m3
2023-10-31,42497.74984137931,5.45,-51.3,1353877.0,145056.2994950957,m3
2023-11-30,42497.47728275862,5.65,-28.3,1366160.0,145577.51268310263,m3
2023-12-31,42665.81970344827,9.850000000000001,-27.9,1384271.0,146851.81557816337,m3
2024-01-31,42142.25415862069,7.0,-83.4,1382601.0,146185.07434560216,m3
2024-02-29,42478.393793103445,9.35,-18.8,1382681.0,146725.89647021613,m3
2024-03-31,43152.49991034483,16.45,-11.5,1391397.0,148185.38686714484,m3
2024-04-30,42928.07640689655,4.43,-54.6,1388048.0,147836.93043676668,m3
2024-05-31,42999.300710344825,5.55,-16.4,1384338.0,147886.58333874823,m3
2024-06-30,42835.20937931035,10.100000000000001,-51.0,1373981.0,146976.68901039686,m3
2024-07-31,42663.65839310345,4.455,-32.3,1373533.0,146793.31542065594,m3
2024-08-31,42922.570158620685,10.75,-23.6,1373875.0,147088.444216385,m3
2024-09-30,42883.15395862069,9.2,-20.6,1377419.0,147003.02302954855,m3
2024-10-31,42960.46739310345,5.4,-33.9,1383277.0,147432.8474055334,m3
2024-11-30,42586.09909655172,4.27,-17.8,1384359.0,146844.56693644903,m3
2024-12-31,42720.03545517241,13.71,-23.2,1385403.0,147034.42662957014,m3
2025-01-31,42617.577510344825,6.949999999999999,-50.2,1387932.0,147254.63813561667,m3
2025-02-28,42761.6903862069,7.85,-26.7,1389839.0,147481.78723678392,m3
2025-03-31,44066.47571034483,21.950000000000003,-20.1,1417867.0,151022.8572468713,m3
2025-04-30,43409.743751724134,3.9,-65.4,1415855.0,149963.616632852,m3
2025-05-31,44607.97275862069,7.8999999999999995,-11.0,1459485.0,154360.24068011984,m3
2025-06-30,44622.33704137931,11.0,-52.7,1472579.0,155114.2258887302,m3
2025-07-31,44170.71368275862,4.5,-53.9,1470590.0,154543.71143248698,m3
2015-01-31,108.11193181818182,16.5,3.0,1085.0,201.59543369181165,residential
2015-02-28,103.4159090909091,15.65,1.2,1127.0,192.6638318115563,residential
2015-03-31,104.1625,16.15,2.7,1072.0,190.35997947497864,residential
2015-04-30,117.27954545454546,17.5,3.0,1190.0,213.6551417102354,residential
2015-05-31,118.10795454545455,21.0,3.0,1272.0,214.56151310939293,residential
2015-06-30,123.2840909090909,24.0,3.0,1379.0,225.09875008162905,residential
2015-07-31,118.74829545454546,22.0,3.0,1146.0,214.19294959036537,residential
2015-08-31,118.9159090909091,21.7,2.0,1165.0,216.4130631844647,residential
2015-09-30,121.77670454545455,21.55,2.0,1224.0,222.56713471269916,residential
2015-10-31,117.78920454545455,20.0,2.0,1160.0,213.85097280233842,residential
2015-11-30,121.9778409090909,19.2,2.0,1244.0,225.53539150309552,residential
2015-12-31,121.62670454545454,18.0,2.0,1211.0,223.54257791287785,residential
2016-01-31,119.52613636363635,18.35,3.0,1171.0,220.63363504458474,residential
2016-02-29,123.45,18.15,3.0,1225.0,228.43111797026003,residential
2016-03-31,120.39090909090909,18.5,3.0,1118.0,218.81999680695867,residential
2016-04-30,121.96931818181817,18.0,3.0,1163.0,222.83950681174977,residential
2016-05-31,124.39829545454545,18.8,3.0,1205.0,227.38541540726632,residential
2016-06-30,128.30568181818182,19.0,3.0,1208.0,233.59519068334785,residential
2016-07-31,127.70113636363637,17.7,3.0,1239.0,235.2861960588512,residential
2016-08-31,126.35170454545455,17.0,3.0,1201.0,231.46291081465344,residential
2016-09-30,126.1153409090909,18.0,3.0,1303.0,232.53592666915608,residential
2016-10-31,131.4227272727273,18.799999999999997,2.0,1313.0,242.86877996259514,residential
2016-11-30,129.83522727272728,18.5,2.0,1244.0,241.6168842443509,residential
2016-12-31,129.80454545454543,18.5,2.0,1252.0,240.44608847917462,residential
2017-01-31,128.9125,17.25,2.0,1303.0,242.06573927049533,residential
2017-02-28,130.57840909090908,19.2,2.3,1271.0,244.23643273276403,residential
2017-03-31,131.71988636363636,20.15,3.0,1272.0,243.34820954341743,residential
2017-04-30,129.18806818181818,20.0,3.0,1251.0,237.2908590731538,residential
2017-05-31,131.61647727272728,20.25,3.0,1208.0,240.0667433648509,residential
2017-06-30,138.26250000000002,21.0,3.0,1353.0,251.33241133151586,residential
2017-07-31,133.89602272727274,20.0,3.0,1256.0,246.36499852531128,residential
2017-08-31,133.4943181818182,20.15,3.0,1319.0,243.26669332610697,residential
2017-09-30,133.10625000000002,18.65,3.0,1273.0,243.77057883093983,residential
2017-10-31,138.47272727272727,19.9,3.0,1356.0,254.24101241696863,residential
2017-11-30,137.17159090909092,19.8,3.0,1299.0,253.91684148222956,residential
2017-12-31,135.12897727272727,20.55,3.0,1311.0,248.31139346986888,residential
2018-01-31,137.77954545454546,22.05,2.9,1317.0,255.90423818701774,residential
2018-02-28,139.2931818181818,22.95,3.0,1321.0,257.9016325414255,residential
2018-03-31,140.61875,23.0,3.0,1385.0,257.24248713866393,residential
2018-04-30,141.30227272727274,23.45,3.0,1378.0,259.1559212861291,residential
2018-05-31,144.59829545454545,23.5,3.0,1357.0,263.80621924314755,residential
2018-06-30,140.3840909090909,25.0,3.0,1345.0,254.83951987145102,residential
2018-07-31,139.36534090909092,25.0,3.0,1334.0,252.66624127017326,residential
2018-08-31,142.38636363636363,23.0,3.0,1288.0,259.9606571032594,residential
2018-09-30,139.90227272727273,23.0,3.0,1314.0,254.83916674854146,residential
2018-10-31,137.6130681818182,22.0,3.0,1272.0,249.88420724056724,residential
2018-11-30,137.1130681818182,21.7,3.0,1340.0,251.2831170491982,residential
2018-12-31,133.43352272727273,21.5,3.0,1317.0,244.00999431774937,residential
2019-01-31,139.74886363636364,20.549999999999997,3.0,1254.0,256.497820650978,residential
2019-02-28,137.3971590909091,19.75,2.2,1304.0,252.1686248590647,residential
2019-03-31,140.55170454545453,22.55,3.0,1313.0,256.59553408304595,residential
2019-04-30,142.73636363636362,21.35,3.0,1322.0,259.1271234330773,residential
2019-05-31,142.81761363636363,22.5,3.0,1347.0,260.33895066018096,residential
2019-06-30,140.2590909090909,21.0,3.0,1299.0,255.5940552120496,residential
2019-07-31,143.07272727272726,22.0,3.0,1379.0,261.4588938911913,residential
2019-08-31,149.79545454545453,23.0,3.0,1482.0,275.519152524452,residential
2019-09-30,144.90170454545455,22.0,3.0,1469.0,268.8851443539059,residential
2019-10-31,149.70170454545453,21.25,3.0,1523.0,276.1856295991482,residential
2019-11-30,149.5460227272727,21.5,3.0,1535.0,278.154756485521,residential
2019-12-31,152.20454545454547,23.0,3.0,1548.0,282.6622363615894,residential
2020-01-31,153.73977272727274,22.0,3.0,1581.0,287.1351413194134,residential
2020-02-29,152.0971590909091,19.7,3.0,1549.0,287.4927138314444,residential
2020-03-31,143.95454545454547,21.0,3.0,1346.0,267.38596240922317,residential
2020-04-30,129.2590909090909,21.5,2.1,1194.0,240.11130592116825,residential
2020-05-31,134.725,22.0,3.0,1250.0,246.7400625296647,residential
2020-06-30,144.52727272727273,22.0,3.0,1334.0,264.5995219636208,residential
2020-07-31,156.96761363636364,23.0,3.0,1546.0,292.31737982051266,residential
2020-08-31,153.85340909090908,23.1,3.0,1533.0,286.423334224556,residential
2020-09-30,162.04829545454547,22.3,3.0,1636.0,302.96730421887,residential
2020-10-31,162.92784090909092,23.200000000000003,3.0,1613.0,305.92671646821884,residential
2020-11-30,161.88238636363636,22.05,3.0,1703.0,305.5437632942079,residential
2020-12-31,168.20738636363637,22.5,3.0,1752.0,316.87936668524844,residential
2021-01-31,170.70852272727274,21.55,3.0,1855.0,322.83332238360055,residential
2021-02-28,161.93636363636364,22.4,3.0,1711.0,301.3190224640676,residential
2021-03-31,175.14261363636362,25.2,3.0,1756.0,323.16391391895166,residential
2021-04-30,170.7528409090909,25.7,3.0,1721.0,311.57818462585004,residential
2021-05-31,171.91420454545457,25.25,3.0,1703.0,314.5691921568621,residential
2021-06-30,173.20056818181817,25.7,3.0,1654.0,315.4817177401041,residential
2021-07-31,174.03636363636363,25.0,3.0,1658.0,318.86393719196036,residential
2021-08-31,176.0880681818182,26.85,3.0,1736.0,321.9319994297214,residential
2021-09-30,172.46931818181818,25.0,3.0,1640.0,315.73775605097325,residential
2021-10-31,176.39261363636362,27.8,3.0,1707.0,322.50940770683815,residential
2021-11-30,182.8784090909091,26.2,3.0,1765.0,338.01534587272,residential
2021-12-31,186.19261363636363,27.15,3.0,1919.0,342.5744502223274,residential
2022-01-31,185.29659090909092,23.9,3.0,1920.0,345.8049450026875,residential
2022-02-28,187.56931818181818,23.8,3.0,1857.0,348.0639735477059,residential
2022-03-31,190.76363636363638,25.9,3.0,1868.0,348.82986018379233,residential
2022-04-30,194.1340909090909,28.45,3.0,1859.0,358.2035623612805,residential
2022-05-31,187.0772727272727,29.15,3.0,1704.0,342.2866886029974,residential
2022-06-30,186.9465909090909,29.25,3.0,1737.0,341.86001377301085,residential
2022-07-31,182.81420454545454,28.45,3.0,1703.9,333.7319846351358,residential
2022-08-31,182.50852272727272,28.3,3.0,1718.1,332.5979181896527,residential
2022-09-30,183.2335227272727,28.1,3.0,1721.1,335.2671488505497,residential
2022-10-31,180.68863636363636,26.1,3.0,1726.7,333.33319184326007,residential
2022-11-30,178.23295454545453,24.2,3.0,1705.8,329.6202685243702,residential
2022-12-31,172.38636363636363,26.4,3.0,1691.0,317.0420614481187,residential
2023-01-31,172.52159090909092,24.1,3.0,1690.0,320.8283100970677,residential
2023-02-28,179.51136363636363,25.25,3.0,1683.0,334.0468492144924,residential
2023-03-31,177.05397727272728,27.55,3.0,1681.0,325.45676506557373,residential
2023-04-30,175.34318181818182,27.35,3.0,1681.0,322.8263357270609,residential
2023-05-31,184.9284090909091,29.950000000000003,3.0,1695.5,340.90974153582937,residential
2023-06-30,178.86818181818182,30.4,3.0,1705.8,330.4361012948812,residential
2023-07-31,178.42727272727274,27.9,3.0,1717.5,331.86783848902365,residential
2023-08-31,176.70624999999998,29.35,3.0,1711.1,327.4526040567878,residential
2023-09-30,178.49943181818182,28.1,3.0,1694.4,332.38534392601935,residential
2023-10-31,177.18863636363636,28.35,3.0,1693.0,329.2317432818646,residential
2023-11-30,180.7528409090909,29.2,3.0,1694.2,336.6765652549686,residential
2023-12-31,182.22954545454547,28.0,3.0,1678.0,339.24235825787383,residential
2024-01-31,177.0568181818182,25.45,3.0,1668.0,330.1005122410721,residential
2024-02-29,185.6505681818182,25.549999999999997,3.0,1674.0,345.0994553122594,residential
2024-03-31,174.94886363636363,27.9,3.0,1641.0,323.45571743525943,residential
2024-04-30,180.04431818181817,27.55,3.0,1662.0,332.7104875698406,residential
2024-05-31,174.34261363636364,28.799999999999997,3.0,1598.6,320.8411916055109,residential
2024-06-30,177.87727272727273,28.9,3.0,1731.0,327.6665889859116,residential
2024-07-31,173.31647727272727,26.75,3.0,1635.0,317.36982593287337,residential
2024-08-31,178.08124999999998,26.6,3.0,1755.0,327.73417859273866,residential
2024-09-30,173.66875000000002,26.1,3.0,1671.0,316.9942126386988,residential
2024-10-31,171.2215909090909,27.85,3.0,1636.0,309.96191045218575,residential
2024-11-30,170.10056818181818,24.5,3.0,1618.0,311.86989695744404,residential
2024-12-31,171.06477272727273,25.1,3.0,1527.0,312.3352481054466,residential
2025-01-31,169.08977272727273,25.0,3.0,1651.0,308.9493876403976,residential
2025-02-28,170.71761363636364,27.95,4.0,1565.0,313.5694871762669,residential
2025-03-31,168.4181818181818,26.95,4.0,1566.0,305.95132947968966,residential
2025-04-30,166.18636363636364,26.3,4.0,1475.0,298.9468140682527,residential
2025-05-31,164.25738636363636,27.2,4.0,1542.0,295.5411353568011,residential
2025-06-30,161.48011363636363,26.8,4.0,1393.0,288.6694277483476,residential
2025-07-31,163.69375,25.0,4.0,1483.0,296.4732799632083,residential
2025-08-31,161.76988636363637,25.549999999999997,4.0,1608.0,292.6557729327138,residential
2015-01-31,14843.956458333334,1.2,-13.8,184450.0,40346.22504565302,retail
2015-02-28,14828.18125,1.15,-6.3,184703.0,40421.141309612656,retail
2015-03-31,15620.036458333334,1.5,-0.1,185852.0,41424.657162126285,retail
2015-04-30,15884.368125,1.35,-2.8,189721.0,41900.98650862626,retail
2015-05-31,15935.356041666666,1.3,-2.6,185582.0,41754.16787777513,retail
2015-06-30,15868.707916666666,1.0,-4.9,186814.0,41846.55378129107,retail
2015-07-31,15901.519375000002,1.3,-3.2,188187.0,41851.96106634224,retail
2015-08-31,15809.731458333334,0.9,-9.2,189682.0,41793.83467493028,retail
2015-09-30,15851.566458333333,1.25,-7.2,192607.0,42281.028198872766,retail
2015-10-31,16044.880833333335,1.3,-0.9,194037.0,42981.69488084973,retail
2015-11-30,15936.987500000001,1.2,-6.9,196607.0,43058.02872213217,retail
2015-12-31,16169.024583333334,1.2,-2.6,198134.0,43578.58062353608,retail
2016-01-31,15780.035208333333,1.0,-18.4,198809.0,43323.084845305966,retail
2016-02-29,16191.202708333332,1.6,0.03,201274.0,44108.402198166455,retail
2016-03-31,16906.286041666666,1.7650000000000001,-1.8,207401.0,45441.98919860652,retail
2016-04-30,16952.309583333332,1.3,-3.4,209128.0,45597.936295369036,retail
2016-05-31,16985.156041666665,1.45,-1.9,205794.0,45448.17492332055,retail
2016-06-30,17021.779375000002,1.25,-3.9,207368.0,45658.800130192074,retail
2016-07-31,16786.545416666668,1.15,-12.1,207197.0,45165.36633874936,retail
2016-08-31,16905.615833333333,1.1,-0.9,208020.0,45425.92220516999,retail
2016-09-30,16837.408958333333,1.1,-8.2,209395.0,45637.863076519636,retail
2016-10-31,16892.8525,1.1,-2.9,210570.0,46062.30943247863,retail
2016-11-30,17040.880833333333,1.2999999999999998,-2.8,216009.0,46814.91623877515,retail
2016-12-31,17144.529375000002,1.35,-7.6,213790.0,46934.01585655634,retail
2017-01-31,16888.844583333335,1.6,-15.9,217962.0,47085.95976670973,retail
2017-02-28,17112.721875,1.55,-1.5,220842.0,47650.893161446205,retail
2017-03-31,17821.818125,1.6,-1.9,224506.0,48713.54929845502,retail
2017-04-30,17730.046666666665,1.4,-8.4,224187.0,48479.0606132765,retail
2017-05-31,18003.576666666664,1.49,-2.3,221788.0,48649.523035983904,retail
2017-06-30,17927.439583333333,1.25,-6.2,223470.0,48796.94371504576,retail
2017-07-31,17635.337083333336,1.0,-10.1,222102.0,48052.27063087132,retail
2017-08-31,17718.54125,1.2999999999999998,-1.9,223725.0,48302.50208924293,retail
2017-09-30,17566.455416666668,1.4,-4.6,219376.0,47642.0739364179,retail
2017-10-31,17624.252916666668,1.4,-2.6,218671.0,47907.12944957606,retail
2017-11-30,17593.861041666667,1.4,-2.7,220970.0,48043.54362045988,retail
2017-12-31,17557.468958333335,1.2,-9.7,219016.0,48073.382732946804,retail
2018-01-31,17275.71625,1.35,-12.1,222727.0,48084.04340839337,retail
2018-02-28,17484.068333333333,1.45,-1.5,225639.0,48552.01050870041,retail
2018-03-31,18139.958333333332,1.2,-1.2,224956.0,49182.094488077724,retail
2018-04-30,18105.279166666667,1.2,-9.4,226735.0,49123.486921159776,retail
2018-05-31,18558.210833333334,1.2,-1.3,224775.0,49495.46205692891,retail
2018-06-30,18366.998333333333,1.1,-7.8,223834.0,49251.50092995851,retail
2018-07-31,18199.130208333332,0.7,-5.2,224668.0,48818.30923679342,retail
2018-08-31,18329.853124999998,1.05,-3.5,227231.0,49373.617559782084,retail
2018-09-30,18057.825625,1.05,-11.3,229537.0,49295.93594012555,retail
2018-10-31,18460.76958333333,1.6,-0.2,230789.0,50255.42989600313,retail
2018-11-30,18355.001666666667,1.2,-8.0,234213.0,50553.22255089552,retail
2018-12-31,18383.892499999998,1.1,-9.3,232785.0,50742.88684652937,retail
2019-01-31,18250.997291666667,1.5,-13.2,237521.0,50844.37150377882,retail
2019-02-28,18187.90270833333,1.3,-10.2,239459.0,51069.63170324694,retail
2019-03-31,18888.513333333332,1.35,-1.1,236747.0,51592.99500361117,retail
2019-04-30,18970.90125,1.2,-6.3,239679.0,51670.097690132745,retail
2019-05-31,19260.00375,1.3,-1.5,237404.0,51912.29550759077,retail
2019-06-30,18877.798749999998,0.75,-10.1,235274.0,51361.13209350993,retail
2019-07-31,18977.591041666667,1.2,-1.5,237261.0,51408.49865500563,retail
2019-08-31,19028.738333333335,1.1,-4.0,236345.0,51382.48830144638,retail
2019-09-30,18618.19916666667,1.1,-13.2,236585.0,50917.64773240299,retail
2019-10-31,18876.857500000002,1.4,-0.7,234930.0,51349.18509363097,retail
2019-11-30,18574.491875,1.1,-8.9,231941.0,50665.96135048057,retail
2019-12-31,18391.476041666665,1.4,-4.9,228531.0,50122.12792904792,retail
2020-01-31,18098.666041666667,1.2999999999999998,-10.4,229885.0,49686.86710690503,retail
2020-02-29,18173.0625,1.2,-3.0,228861.0,49626.93100843989,retail
2020-03-31,17987.5775,1.4,-26.5,239413.0,50357.13263320346,retail
2020-04-30,16762.433333333334,1.25,-15.7,221045.0,46255.707525959646,retail
2020-05-31,17155.661458333332,1.32,-16.3,184919.0,42634.04361342201,retail
2020-06-30,16917.73833333333,1.21,-7.0,172015.0,41146.08379050689,retail
2020-07-31,16931.545416666664,1.4,-6.5,175613.0,41462.7619984886,retail
2020-08-31,16922.194375,1.35,-6.8,177396.0,41597.15367838505,retail
2020-09-30,17261.001249999998,1.57,-2.3,181987.0,42616.8725890554,retail
2020-10-31,17612.489375,1.6400000000000001,-1.5,185828.0,43639.05366223188,retail
2020-11-30,17408.014166666668,1.35,-10.2,189416.0,43696.632519742045,retail
2020-12-31,17745.518541666668,1.4,-1.6,190054.0,44402.38027576828,retail
2021-01-31,17553.154375000002,1.505,-10.6,189502.0,44049.85118145494,retail
2021-02-28,17198.23041666667,1.2999999999999998,-5.4,184691.0,42984.66976206568,retail
2021-03-31,18813.341458333332,1.56,-6.4,174309.0,44589.83827183423,retail
2021-04-30,18494.11291666667,1.305,-7.3,162823.0,42995.063715388314,retail
2021-05-31,17924.085833333334,1.1,-7.9,149963.0,41252.63860542957,retail
2021-06-30,17687.742916666666,1.1,-3.9,149863.0,40706.71263581511,retail
2021-07-31,17298.273333333334,1.18,-8.4,149963.0,39968.00389398597,retail
2021-08-31,16929.8775,0.745,-4.4,147333.0,39050.020685931675,retail
2021-09-30,16728.969791666666,1.255,-3.9,143008.0,38400.614612689475,retail
2021-10-31,16882.265,1.55,-0.5,142351.0,38655.93981376603,retail
2021-11-30,17209.177708333333,1.7,-3.5,149262.0,39580.7754822609,retail
2021-12-31,17712.399999999998,1.7,-4.8,159150.0,41238.31421193548,retail
2022-01-31,17875.303541666664,1.8,-12.1,162586.0,41951.55570269454,retail
2022-02-28,18078.27375,1.3,-1.4,164762.0,42481.07839338284,retail
2022-03-31,19212.9975,1.8,-1.2,167698.0,44299.46254106737,retail
2022-04-30,19162.78541666667,1.7,-2.2,164035.0,43867.202525058725,retail
2022-05-31,19142.251874999998,1.315,-3.9,164370.0,43607.62017927745,retail
2022-06-30,19337.871875,1.4,-4.0,169688.0,44399.59948353022,retail
2022-07-31,19126.637916666667,1.33,-9.8,173881.0,44291.225352565,retail
2022-08-31,19657.588958333334,1.65,-0.4,178235.0,45642.86648955769,retail
2022-09-30,19534.14416666667,1.435,-7.7,182215.0,45793.4952061968,retail
2022-10-31,19739.649583333332,1.49,-0.1,183897.0,46356.42342751594,retail
2022-11-30,19489.282291666666,1.51,-7.0,189131.0,46347.2386786964,retail
2022-12-31,19550.300625,1.5950000000000002,-5.7,191022.0,46779.48987025565,retail
2023-01-31,19756.901875,1.6,-10.0,193646.0,47607.72567661786,retail
2023-02-28,19760.388958333333,1.5,-3.8,197241.0,47940.97636790932,retail
2023-03-31,20611.959791666668,1.59,-4.3,202765.0,49665.44477694289,retail
2023-04-30,20577.77,1.4,-5.7,203783.0,49622.850998563415,retail
2023-05-31,21263.849583333333,1.63,-3.4,208552.0,51009.98836290504,retail
2023-06-30,21151.080416666668,1.35,-8.3,212374.0,51320.84853935451,retail
2023-07-31,20770.107708333333,1.3,-9.6,213198.0,50777.016109250966,retail
2023-08-31,21249.116041666664,1.6,-0.2,217912.0,52026.292763014295,retail
2023-09-30,21123.310833333333,1.35,-10.0,222043.0,52413.12410716813,retail
2023-10-31,21304.079166666666,1.6,-2.9,227366.0,53164.542404881606,retail
2023-11-30,21317.720624999998,1.35,-5.3,235819.0,53955.9024769041,retail
2023-12-31,21413.9325,1.4,-8.0,236336.0,54558.28593291269,retail
2024-01-31,21100.5825,1.35,-10.5,239409.0,54541.22706692369,retail
2024-02-29,21578.334375,1.8,0.02,242978.0,55558.01320715534,retail
2024-03-31,22164.404791666664,1.585,-1.0,244564.0,56538.331128206715,retail
2024-04-30,22557.805833333332,1.65,-1.3,251242.0,57450.879439161254,retail
2024-05-31,23065.681875,1.73,-1.8,255182.0,58603.90186535901,retail
2024-06-30,22668.825208333332,1.4,-10.0,259459.0,58536.6815337601,retail
2024-07-31,23025.99270833333,1.6400000000000001,-0.9,261642.0,59101.463170945826,retail
2024-08-31,23080.306875,1.4,-2.7,262635.0,59361.796972031116,retail
2024-09-30,22963.33916666667,1.5,-10.4,267666.0,59831.115940277195,retail
2024-10-31,23544.744166666667,1.8599999999999999,0.0,270637.0,60878.45787587926,retail
2024-11-30,23368.301041666666,1.4,-10.8,270720.0,60774.68579858828,retail
2024-12-31,23160.201875,1.4,-9.2,263556.0,60143.40099075987,retail
2025-01-31,22517.809375,1.5,-11.0,260856.0,58930.92749465674,retail
2025-02-28,22441.437291666665,1.5,-4.2,261176.0,58773.82946218635,retail
2025-03-31,23395.729583333334,2.02,-2.4,254951.0,59577.93094315795,retail
2025-04-30,23453.63604166667,1.6,-3.1,254161.0,59195.39498615385,retail
2025-05-31,23265.668333333335,1.7,-3.8,254315.0,58849.356524926116,retail
2025-06-30,23101.730833333335,1.55,-6.9,256877.0,58933.817269325045,retail
2025-07-31,23258.700625,1.65,-1.6,257751.0,59223.116327221025,retail
2015-01-31,80985.4284375,677.65,-79.7,1255671.0,213374.1894400294,durable_goods
2015-02-28,80972.9003125,413.05,-72.0,1251125.0,212467.6877325481,durable_goods
2015-03-31,82669.703125,924.25,-10.1,1250259.0,212730.32733074212,durable_goods
2015-04-30,81455.23000000001,711.0,-60.5,1241508.0,211611.6870570594,durable_goods
2015-05-31,80471.9075,698.3,-65.4,1227817.0,209513.10354289907,durable_goods
2015-06-30,82023.60593749999,1091.1,-4.2,1227999.0,210073.36588966197,durable_goods
2015-07-31,80768.6634375,714.05,-56.4,1227569.0,209794.93932606862,durable_goods
2015-08-31,80475.340625,720.6,-46.1,1218805.0,208306.73769770717,durable_goods
2015-09-30,80133.0065625,806.5,-42.0,1207218.0,206233.8606360041,durable_goods
2015-10-31,79922.755625,771.8,-30.8,1207516.0,206039.57930816006,durable_goods
2015-11-30,79353.48468750001,796.25,-25.2,1205052.0,205552.922565021,durable_goods
2015-12-31,79332.4178125,799.25,-59.8,1206154.0,205703.46635145997,durable_goods
2016-01-31,78858.66750000001,800.9,-55.2,1210310.0,206353.66017149336,durable_goods
2016-02-29,78859.078125,777.25,-45.8,1204592.0,205463.881576682,durable_goods
2016-03-31,79739.2790625,855.7,-32.2,1205066.0,205169.18264559534,durable_goods
2016-04-30,79404.6825,870.55,-44.9,1207046.0,205770.92688909665,durable_goods
2016-05-31,79183.01593750001,812.3,-60.4,1203918.0,205657.36954844958,durable_goods
2016-06-30,78660.6975,868.0,-77.2,1190337.0,203519.41641473788,durable_goods
2016-07-31,77572.7753125,900.0,-39.9,1186998.0,202818.6131357217,durable_goods
2016-08-31,78188.6065625,867.7,-56.8,1182069.0,202048.50734158242,durable_goods
2016-09-30,78213.0328125,901.4,-49.6,1177185.0,201102.4336212847,durable_goods
2016-10-31,78779.2321875,936.8,-30.5,1190585.0,203334.42234881685,durable_goods
2016-11-30,77838.88312500001,918.0,-73.4,1187293.0,202692.21660114426,durable_goods
2016-12-31,78373.35875,957.05,-51.4,1188478.0,202918.86574935346,durable_goods
2017-01-31,77189.8059375,666.05,-93.8,1184934.0,202178.47102908095,durable_goods
2017-02-28,77771.466875,889.3,-38.4,1184275.0,202228.41389829188,durable_goods
2017-03-31,79381.68062500001,935.9,-8.2,1187393.0,202790.61248665687,durable_goods
2017-04-30,78117.57125000001,716.65,-62.7,1184980.0,202348.82128217866,durable_goods
2017-05-31,78359.184375,757.8,-47.2,1174939.0,201329.79217444814,durable_goods
2017-06-30,80264.52375000001,1002.55,-19.3,1187244.0,204205.447678607,durable_goods
2017-07-31,77891.6265625,833.7,-77.7,1181920.0,202628.84152162776,durable_goods
2017-08-31,78691.5084375,816.0,-38.8,1174841.0,201701.78583992686,durable_goods
2017-09-30,79278.175625,808.0,-16.9,1175526.0,201775.55880586902,durable_goods
2017-10-31,78873.5871875,760.15,-38.1,1174523.0,201452.48941666997,durable_goods
2017-11-30,78950.32906250001,387.75,-81.0,1171994.0,201577.13813643975,durable_goods
2017-12-31,80005.92093749999,1164.3,-12.3,1183833.0,203669.91274749552,durable_goods
2018-01-31,78483.24875,699.2,-93.4,1178733.0,202502.00500580066,durable_goods
2018-02-28,79361.834375,748.75,-13.6,1179470.0,202777.31736722353,durable_goods
2018-03-31,81428.1315625,872.2,-13.6,1191109.0,204572.70747420355,durable_goods
2018-04-30,80422.26468749999,780.95,-69.0,1191264.0,204532.08600564927,durable_goods
2018-05-31,80917.41875,811.9,-8.6,1188926.0,204452.22425860594,durable_goods
2018-06-30,81538.9715625,824.75,-33.4,1191812.0,204513.14994911017,durable_goods
2018-07-31,79960.564375,789.7,-70.9,1187306.0,203389.19277065955,durable_goods
2018-08-31,81279.3690625,891.35,-4.6,1188869.0,203560.07212308614,durable_goods
2018-09-30,81396.1078125,880.25,-24.1,1192854.0,203318.96488734137,durable_goods
2018-10-31,80776.7428125,800.9,-62.4,1187856.0,202073.76781612507,durable_goods
2018-11-30,80039.081875,850.3,-13.8,1178890.0,200365.86978042478,durable_goods
2018-12-31,80614.2071875,925.7,-13.9,1178934.0,200595.77405650614,durable_goods
2019-01-31,79438.988125,706.8,-89.1,1174688.0,199572.7581871597,durable_goods
2019-02-28,79109.03937500001,15.05,-2555.0,1163519.0,197601.48709637794,durable_goods
2019-03-31,80636.9928125,915.6,-497.9,1166677.0,197785.17051691093,durable_goods
2019-04-30,79143.79625,8.399999999999999,-2349.0,1156039.0,195879.23232442563,durable_goods
2019-05-31,78426.85625,14.3,-7044.0,1135472.0,192860.80840308085,durable_goods
2019-06-30,78135.05906249999,60.25,-3146.0,1119585.0,190176.16678323448,durable_goods
2019-07-31,77131.541875,882.55,-226.0,1112151.0,188871.14411460378,durable_goods
2019-08-31,77497.5609375,66.95,-112.0,1105676.0,187672.93621594203,durable_goods
2019-09-30,77073.44093750001,70.35,-1461.0,1098202.0,185942.9863609161,durable_goods
2019-10-31,76707.08875,76.3,-118.7,1092083.0,184595.27192446202,durable_goods
2019-11-30,75321.80437499999,33.65,-409.0,1080067.0,182355.16287523526,durable_goods
2019-12-31,75421.353125,1027.95,-4151.0,1072957.0,180917.03829727415,durable_goods
2020-01-31,75535.8709375,741.05,-392.3,1081189.0,182078.43701558438,durable_goods
2020-02-29,76542.411875,624.55,-9.0,1091601.0,183603.09310380608,durable_goods
2020-03-31,75442.7059375,55.599999999999994,-6001.0,1083282.0,181175.57435285926,durable_goods
2020-04-30,71732.093125,6.4,-4659.0,1072207.0,178846.99257410408,durable_goods
2020-05-31,72702.06625,625.9,-495.1,1071895.0,179194.2881886862,durable_goods
2020-06-30,74177.625,96.95,-6130.0,1063694.0,178123.6044081401,durable_goods
2020-07-31,74210.863125,32.55,-209.0,1061361.0,177714.8031858833,durable_goods
2020-08-31,74753.880625,717.95,-1315.8,1061781.0,177450.59090637168,durable_goods
2020-09-30,75487.7853125,787.4,-37.0,1064471.0,177988.0988918992,durable_goods
2020-10-31,75693.3375,655.8,-22.5,1068989.0,178405.94549680906,durable_goods
2020-11-30,75514.364375,683.65,-33.0,1074211.0,179017.50222602944,durable_goods
2020-12-31,76510.2359375,745.6,-13.6,1078561.0,179893.66339082437,durable_goods
2021-01-31,76281.5953125,708.2,-63.7,1087445.0,180920.55042400822,durable_goods
2021-02-28,77477.7990625,677.25,-20.1,1104352.0,183510.53061695298,durable_goods
2021-03-31,79744.67624999999,765.6,-10.7,1123545.0,186319.8133946543,durable_goods
2021-04-30,79428.284375,736.25,-45.1,1132397.0,187511.27334690723,durable_goods
2021-05-31,80003.9675,752.15,-26.9,1141962.0,189278.39495926577,durable_goods
2021-06-30,81934.4325,789.2,-4.3,1154946.0,191871.08622592397,durable_goods
2021-07-31,81341.535,749.8,-52.0,1161328.0,192777.08562827995,durable_goods
2021-08-31,82990.9284375,799.7,-22.3,1176513.0,195328.74539439846,durable_goods
2021-09-30,83767.1184375,821.3,-35.9,1184047.0,196621.86271704824,durable_goods
2021-10-31,83916.58625000001,751.4,-38.2,1191314.0,197628.43537711626,durable_goods
2021-11-30,84579.465625,770.85,-20.0,1200818.0,199336.9016846538,durable_goods
2021-12-31,86154.05124999999,776.5,-6.9,1214534.0,201926.64908744988,durable_goods
2022-01-31,86415.4590625,691.05,-72.6,1230251.0,204719.45656308127,durable_goods
2022-02-28,87432.9928125,673.45,-35.2,1242568.0,206751.77932818152,durable_goods
2022-03-31,89607.01593750001,812.15,-24.7,1253898.0,208836.70946943908,durable_goods
2022-04-30,89074.1296875,730.75,-43.4,1257862.0,209495.43313865864,durable_goods
2022-05-31,89622.311875,767.2,-22.7,1258436.0,210196.42684056348,durable_goods
2022-06-30,91069.01999999999,922.35,-3.8,1264691.0,211559.2861355894,durable_goods
2022-07-31,90142.20375,821.05,-71.1,1270973.0,212430.94124466606,durable_goods
2022-08-31,91390.33937500001,889.25,-45.1,1274539.0,213077.25116425194,durable_goods
2022-09-30,91906.69,910.55,-48.0,1277332.0,213740.7425247914,durable_goods
2022-10-31,91928.72218750001,884.85,-36.2,1283660.0,214550.37314868506,durable_goods
2022-11-30,91262.05906249999,825.35,-62.4,1280862.0,213828.62926240428,durable_goods
2022-12-31,92779.2134375,1041.5,-6.4,1291737.0,215870.73274402483,durable_goods
2023-01-31,92144.11687499999,798.1,-55.8,1297446.0,216892.59793021524,durable_goods
2023-02-28,92149.5296875,702.95,-29.0,1300912.0,217113.40588669476,durable_goods
2023-03-31,94295.7896875,983.15,-5.4,1312576.0,218701.29606794188,durable_goods
2023-04-30,93407.764375,868.2,-37.8,1320187.0,219571.99294724397,durable_goods
2023-05-31,94314.9784375,895.2,-45.7,1320659.0,220527.39443114036,durable_goods
2023-06-30,96253.14093750001,978.95,-18.3,1335170.0,223609.89174172073,durable_goods
2023-07-31,94452.466875,924.1,-46.3,1339829.0,224037.0426310751,durable_goods
2023-08-31,95419.9459375,997.4,-28.4,1340742.0,224281.1276567089,durable_goods
2023-09-30,96381.6625,1011.95,-16.0,1352106.0,226351.50733435346,durable_goods
2023-10-31,95469.0678125,978.15,-51.3,1353877.0,226165.04175260873,durable_goods
2023-11-30,96225.03156250001,1011.8,-9.2,1366160.0,228301.16195960206,durable_goods
2023-12-31,97467.646875,989.8,-13.3,1384271.0,231848.54282702063,durable_goods
2024-01-31,95711.829375,915.4,-83.4,1382601.0,231452.76885721338,durable_goods
2024-02-29,96447.0428125,921.4,-8.1,1382681.0,231655.8803900821,durable_goods
2024-03-31,97808.71375,1038.6,-4.5,1391397.0,232909.33213420626,durable_goods
2024-04-30,97013.38375000001,985.95,-54.6,1388048.0,232500.19451045975,durable_goods
2024-05-31,97206.5515625,991.25,-10.3,1384338.0,232387.63521143986,durable_goods
2024-06-30,96930.624375,1038.95,-51.0,1373981.0,230685.76676558424,durable_goods
2024-07-31,96536.4778125,1138.1,-29.3,1373533.0,230661.56289573503,durable_goods
2024-08-31,97015.39031249999,1039.65,-23.6,1373875.0,230450.27166566433,durable_goods
2024-09-30,97340.30124999999,1085.6,-20.6,1377419.0,230891.4569474516,durable_goods
2024-10-31,97273.8053125,1023.9,-33.1,1383277.0,231518.7034336097,durable_goods
2024-11-30,96586.52375000001,997.0,-17.4,1384359.0,231508.29493935322,durable_goods
2024-12-31,97335.1003125,991.75,-8.1,1385403.0,231980.38254066708,durable_goods
2025-01-31,96860.9615625,979.95,-48.9,1387932.0,232517.251939306,durable_goods
2025-02-28,97273.1315625,968.4,-10.2,1389839.0,232729.27617230755,durable_goods
2025-03-31,100766.32062500001,1095.0,-16.1,1417867.0,237724.7949691251,durable_goods
2025-04-30,98993.7546875,954.4,-65.4,1415855.0,237111.34939709856,durable_goods
2025-05-31,103288.0609375,1117.25,-10.1,1459485.0,245676.22468670877,durable_goods
2025-06-30,103197.141875,976.05,-52.7,1472579.0,247700.6402998178,durable_goods
2025-07-31,101760.040625,946.0,-49.4,1470594.0,247375.763013788,durable_goods
2025-08-31,102914.2740625,949.75,-3.1,1479022.0,248560.43850467555,durable_goods
