date,manufacturing_orders,construction_spending,housing_units
2015-01-01,3187056.0,5539900.2,14712.0
2015-02-01,3131957.0,5600337.600000001,13894.0
2015-03-01,3233526.0,5682356.9,13806.0
2015-04-01,3195428.0,5845138.6,15762.0
2015-05-01,3124221.0,5947940.1,15798.0
2015-06-01,3226569.0,6066484.3,16440.0
2015-07-01,3200297.0,6031310.7,15715.0
2015-08-01,3138273.0,6091174.3,15761.0
2015-09-01,3076887.0,6070493.0,16203.0
2015-10-01,3153740.0,5996095.8,15570.0
2015-11-01,3113968.0,5963153.2,16357.0
2015-12-01,3029712.0,6017141.4,16299.0
2016-01-01,3130151.0,6038145.3,16084.0
2016-02-01,3015871.0,6097094.5,16661.0
2016-03-01,3035666.0,6178624.3,15955.0
2016-04-01,3152454.0,6163809.8,16120.0
2016-05-01,3101576.0,6191318.5,16404.0
2016-06-01,2966945.0,6341712.8,16954.0
2016-07-01,3041744.0,6318398.3,16918.0
2016-08-01,3053544.0,6349743.7,16662.0
2016-09-01,3056867.0,6413845.3,16651.0
2016-10-01,3202692.0,6437136.6,17523.0
2016-11-01,3041889.0,6564349.4,17407.0
2016-12-01,3119395.0,6581954.7,17420.0
2017-01-01,3125412.0,6496832.3,17373.0
2017-02-01,3146641.0,6584588.399999999,17631.0
2017-03-01,3153081.0,6575219.3,17572.0
2017-04-01,3159963.0,6527500.7,17098.0
2017-05-01,3140051.0,6604604.9,17371.0
2017-06-01,3269832.0,6576756.5,18367.0
2017-07-01,3103443.0,6556009.8,17752.0
2017-08-01,3143647.0,6545688.0,17600.0
2017-09-01,3231862.0,6575988.5,17596.0
2017-10-01,3237440.0,6610867.7,18433.0
2017-11-01,3283076.0,6716099.5,18344.0
2017-12-01,3381492.0,6738472.2,18087.0
2018-01-01,3273409.0,6870501.2,18566.0
2018-02-01,3353659.0,6959038.5,18810.0
2018-03-01,3417090.0,6915168.4,18790.0
2018-04-01,3411312.0,6960255.3,18794.0
2018-05-01,3425176.0,6995148.7,19223.0
2018-06-01,3430859.0,6900930.3,18486.0
2018-07-01,3374183.0,6876659.7,18341.0
2018-08-01,3455953.0,6920814.1,18823.0
2018-09-01,3463767.0,6822430.3,18518.0
2018-10-01,3407634.0,6798739.2,18086.0
2018-11-01,3352943.0,6723153.5,18117.0
2018-12-01,3401850.0,6700644.100000001,17546.0
2019-01-01,3343459.0,6721341.100000001,18615.0
2019-02-01,3315185.0,6813338.6,18274.0
2019-03-01,3389811.0,6869857.9,18696.0
2019-04-01,3330297.0,7058240.0,18957.0
2019-05-01,3254547.0,7115249.3,18873.0
2019-06-01,3227236.0,7190944.3,18468.0
2019-07-01,3271476.0,7356706.5,18886.0
2019-08-01,3272086.0,7417856.5,20000.0
2019-09-01,3226269.0,7482891.5,19267.0
2019-10-01,3211047.0,7509741.0,19966.0
2019-11-01,3159459.0,7606378.7,20112.0
2019-12-01,3173892.0,7622950.0,20563.0
2020-01-01,3263039.0,7729473.3,20856.0
2020-02-01,3285406.0,7758223.899999999,20578.0
2020-03-01,2920033.0,7763061.7,19058.0
2020-04-01,2501874.0,7547194.1,16644.0
2020-05-01,2676939.0,7508188.8,17526.0
2020-06-01,2877539.0,7560558.7,19016.0
2020-07-01,3082812.0,7603472.0,21004.0
2020-08-01,3121638.0,7632292.7,20523.0
2020-09-01,3178744.0,7723487.2,21823.0
2020-10-01,3237713.0,7834831.9,21934.0
2020-11-01,3264856.0,7883797.6,21883.0
2020-12-01,3348092.0,7988928.8,22845.0
2021-01-01,3451893.0,8079072.9,23313.0
2021-02-01,3481312.0,7957356.3,21752.0
2021-03-01,3515843.0,8129187.1,23546.0
2021-04-01,3543897.0,8133736.1,22664.0
2021-05-01,3570930.0,8184146.3,22793.0
2021-06-01,3646789.0,8230118.3,22767.0
2021-07-01,3674749.0,8331964.0,22923.0
2021-08-01,3732140.0,8343742.7,23148.0
2021-09-01,3700282.0,8371579.6,22559.0
2021-10-01,3780159.0,8444873.2,23129.0
2021-11-01,3845269.0,8653874.2,24239.0
2021-12-01,3924565.0,8783783.2,24684.0
2022-01-01,3979343.0,9000591.2,24644.0
2022-02-01,3958554.0,9174101.3,24875.0
2022-03-01,4018783.0,9325973.2,24933.0
2022-04-01,4045031.0,9515428.9,25357.0
2022-05-01,4075791.0,9575347.9,24125.0
2022-06-01,4126104.0,9575335.6,23991.0
2022-07-01,4105204.0,9657259.7,23421.0
2022-08-01,4063022.0,9648560.1,23282.0
2022-09-01,4080297.0,9696649.9,23467.0
2022-10-01,4134355.0,9696563.8,23095.0
2022-11-01,4021077.0,9743478.1,22863.0
2022-12-01,4120829.0,9823291.1,21965.0
2023-01-01,4096299.0,10016485.4,22115.0
2023-02-01,4009394.0,10136527.6,23275.0
2023-03-01,4057605.0,10266834.4,22667.0
2023-04-01,4046978.0,10428689.6,22391.0
2023-05-01,4042410.0,10580256.3,23831.0
2023-06-01,4173294.0,10667374.7,22807.0
2023-07-01,4087949.0,10723161.3,22860.0
2023-08-01,4078831.0,10857501.5,22476.0
2023-09-01,4194841.0,10940605.5,22940.0
2023-10-01,4046000.0,11056194.5,22691.0
2023-11-01,4149792.0,11193282.1,23396.0
2023-12-01,4216276.0,11245672.5,23761.0
2024-01-01,3975248.0,11136639.9,23018.0
2024-02-01,4010151.0,11250129.4,24396.0
2024-03-01,4066213.0,11203743.3,22518.0
2024-04-01,4066558.0,11337861.4,23330.0
2024-05-01,4041754.0,11357561.0,22390.0
2024-06-01,3989164.0,11287118.2,23039.0
2024-07-01,4109791.0,11303888.4,22348.0
2024-08-01,4073819.0,11337576.8,23184.0
2024-09-01,4093145.0,11303268.3,22660.0
2024-10-01,4094636.0,11300663.5,22292.0
2024-11-01,4073745.0,11279440.0,22361.0
2024-12-01,4091665.0,11173525.2,22572.0
2025-01-01,4111402.0,11163512.6,22384.0
2025-02-01,4129838.0,11144390.2,22623.0
2025-03-01,4321991.0,11078339.5,22111.0
2025-04-01,4119511.0,11099976.6,21639.0
2025-05-01,4550834.0,11079287.3,21382.0
2025-06-01,4270006.0,11039671.8,20933.0
2025-07-01,4200820.0,11029571.299999999,21374.0
2025-08-01,,,21174.0
